"id","product_id","user_id","created_at","updated_at"
"1","1","3","2020-03-05 08:01:35","2020-03-05 08:01:35"
"3","4","5","2020-03-06 14:08:48","2020-03-06 14:08:48"
"4","1","4","2020-03-07 12:04:39","2020-03-07 12:04:39"
"5","2","4","2020-03-07 12:04:41","2020-03-07 12:04:41"
"9","7","14","2020-04-25 23:35:31","2020-04-25 23:35:31"
"10","19","14","2020-04-26 17:35:26","2020-04-26 17:35:26"
"13","257","18","2020-04-26 23:52:46","2020-04-26 23:52:46"
"14","153","18","2020-04-26 23:52:54","2020-04-26 23:52:54"
"15","3","20","2020-04-27 14:02:41","2020-04-27 14:02:41"
"16","25","20","2020-04-27 14:02:58","2020-04-27 14:02:58"
"18","153","21","2020-04-29 14:26:20","2020-04-29 14:26:20"
"24","273","21","2020-05-01 22:46:13","2020-05-01 22:46:13"
"25","9595","68","2020-05-17 14:39:59","2020-05-17 14:39:59"
"26","9618","68","2020-05-17 14:40:29","2020-05-17 14:40:29"
"27","9619","68","2020-05-17 14:40:33","2020-05-17 14:40:33"
"28","9622","68","2020-05-17 14:41:01","2020-05-17 14:41:01"
"29","10002","68","2020-05-17 14:46:25","2020-05-17 14:46:25"
"30","9997","68","2020-05-17 14:46:38","2020-05-17 14:46:38"
"31","10038","68","2020-05-17 14:47:02","2020-05-17 14:47:02"
"32","11161","68","2020-05-17 14:51:05","2020-05-17 14:51:05"
"33","10242","68","2020-05-17 14:52:59","2020-05-17 14:52:59"
"34","10266","68","2020-05-17 14:53:43","2020-05-17 14:53:43"
"35","10967","68","2020-05-17 14:56:20","2020-05-17 14:56:20"
"36","11177","22","2020-05-22 02:24:43","2020-05-22 02:24:43"
"38","11459","22","2020-05-23 02:43:52","2020-05-23 02:43:52"
"39","23731","22","2020-05-23 03:05:44","2020-05-23 03:05:44"
"40","26894","22","2020-05-23 03:07:52","2020-05-23 03:07:52"
"41","11398","22","2020-05-23 03:08:25","2020-05-23 03:08:25"
"42","25440","22","2020-05-23 03:11:58","2020-05-23 03:11:58"
"43","25438","22","2020-05-23 03:12:09","2020-05-23 03:12:09"
"44","19268","22","2020-05-23 03:17:28","2020-05-23 03:17:28"
"45","26404","22","2020-05-23 03:17:53","2020-05-23 03:17:53"
"46","19955","68","2020-05-25 10:38:41","2020-05-25 10:38:41"
"47","25701","68","2020-05-28 11:40:32","2020-05-28 11:40:32"
"51","36191","118","2020-06-04 21:53:31","2020-06-04 21:53:31"
"54","36302","118","2020-06-04 21:59:49","2020-06-04 21:59:49"
"56","36968","118","2020-06-04 22:08:33","2020-06-04 22:08:33"
"59","35395","118","2020-06-08 21:51:54","2020-06-08 21:51:54"
"60","35400","118","2020-06-08 21:52:31","2020-06-08 21:52:31"
"61","35407","118","2020-06-08 21:53:08","2020-06-08 21:53:08"
"63","35419","118","2020-06-08 21:53:57","2020-06-08 21:53:57"
"64","35502","118","2020-06-08 21:58:32","2020-06-08 21:58:32"
"65","35695","118","2020-06-08 22:02:17","2020-06-08 22:02:17"
"66","35698","118","2020-06-08 22:02:34","2020-06-08 22:02:34"
"67","35673","118","2020-06-08 22:03:01","2020-06-08 22:03:01"
"68","35899","118","2020-06-08 22:04:19","2020-06-08 22:04:19"
"69","35974","118","2020-06-08 22:04:39","2020-06-08 22:04:39"
"70","36007","118","2020-06-08 22:05:03","2020-06-08 22:05:03"
"71","35848","118","2020-06-08 22:05:52","2020-06-08 22:05:52"
"72","35882","118","2020-06-08 22:06:12","2020-06-08 22:06:12"
"73","35779","118","2020-06-08 22:06:51","2020-06-08 22:06:51"
"74","36061","118","2020-06-08 22:08:29","2020-06-08 22:08:29"
"75","36062","118","2020-06-08 22:08:54","2020-06-08 22:08:54"
"76","36095","118","2020-06-08 22:09:52","2020-06-08 22:09:52"
"77","36127","118","2020-06-08 22:10:36","2020-06-08 22:10:36"
"78","36277","118","2020-06-08 22:11:16","2020-06-08 22:11:16"
"79","36438","118","2020-06-08 22:11:30","2020-06-08 22:11:30"
"81","36472","118","2020-06-08 22:12:15","2020-06-08 22:12:15"
"82","36386","118","2020-06-08 22:12:45","2020-06-08 22:12:45"
"83","36426","118","2020-06-08 22:13:05","2020-06-08 22:13:05"
"84","36427","118","2020-06-08 22:13:14","2020-06-08 22:13:14"
"85","36310","118","2020-06-08 22:14:13","2020-06-08 22:14:13"
"86","36321","118","2020-06-08 22:14:43","2020-06-08 22:14:43"
"87","36604","118","2020-06-08 22:18:24","2020-06-08 22:18:24"
"88","35673","22","2020-06-09 03:50:00","2020-06-09 03:50:00"
"89","36126","22","2020-06-09 03:50:32","2020-06-09 03:50:32"
"91","35406","118","2020-06-09 23:14:32","2020-06-09 23:14:32"
"93","35501","32","2020-06-12 16:02:00","2020-06-12 16:02:00"
"94","35505","32","2020-06-12 16:02:03","2020-06-12 16:02:03"
"95","36599","121","2020-06-12 16:07:52","2020-06-12 16:07:52"
"96","35640","121","2020-06-12 16:09:17","2020-06-12 16:09:17"
"97","36504","121","2020-06-12 16:13:15","2020-06-12 16:13:15"
"98","36441","121","2020-06-12 16:13:54","2020-06-12 16:13:54"
"99","36449","121","2020-06-12 16:14:14","2020-06-12 16:14:14"
"100","36380","121","2020-06-12 16:14:44","2020-06-12 16:14:44"
"101","36412","121","2020-06-12 16:15:35","2020-06-12 16:15:35"
"102","36410","121","2020-06-12 16:15:46","2020-06-12 16:15:46"
"103","36402","121","2020-06-12 16:16:00","2020-06-12 16:16:00"
"104","36433","121","2020-06-12 16:16:30","2020-06-12 16:16:30"
"105","36332","121","2020-06-12 16:16:39","2020-06-12 16:16:39"
"106","36339","121","2020-06-12 16:16:59","2020-06-12 16:16:59"
"108","36299","121","2020-06-12 16:21:04","2020-06-12 16:21:04"
"109","36315","121","2020-06-12 16:21:16","2020-06-12 16:21:16"
"110","36317","121","2020-06-12 16:24:50","2020-06-12 16:24:50"
"111","36309","121","2020-06-12 16:28:39","2020-06-12 16:28:39"
"112","36492","121","2020-06-12 16:28:47","2020-06-12 16:28:47"
"113","35887","121","2020-06-12 16:30:18","2020-06-12 16:30:18"
"114","11227","121","2020-06-12 16:43:51","2020-06-12 16:43:51"
"116","36505","218","2020-06-13 17:40:42","2020-06-13 17:40:42"
"117","26043","218","2020-06-13 17:41:25","2020-06-13 17:41:25"
"118","35407","218","2020-06-13 17:41:59","2020-06-13 17:41:59"
"119","35482","218","2020-06-13 17:42:01","2020-06-13 17:42:01"
"120","35483","218","2020-06-13 17:42:04","2020-06-13 17:42:04"
"121","35489","218","2020-06-13 17:42:06","2020-06-13 17:42:06"
"122","35490","218","2020-06-13 17:42:08","2020-06-13 17:42:08"
"123","35497","218","2020-06-13 17:42:10","2020-06-13 17:42:10"
"124","36191","218","2020-06-13 17:42:44","2020-06-13 17:42:44"
"125","35670","218","2020-06-13 17:43:07","2020-06-13 17:43:07"
"126","36127","218","2020-06-13 17:43:21","2020-06-13 17:43:21"
"127","35442","218","2020-06-13 17:43:42","2020-06-13 17:43:42"
"131","35419","218","2020-06-13 17:44:49","2020-06-13 17:44:49"
"132","35504","218","2020-06-13 17:45:43","2020-06-13 17:45:43"
"133","35506","218","2020-06-13 17:45:51","2020-06-13 17:45:51"
"134","35511","218","2020-06-13 17:45:58","2020-06-13 17:45:58"
"139","35971","218","2020-06-13 17:49:27","2020-06-13 17:49:27"
"140","36050","218","2020-06-13 17:49:43","2020-06-13 17:49:43"
"141","36054","218","2020-06-13 17:49:50","2020-06-13 17:49:50"
"142","36016","218","2020-06-13 17:50:30","2020-06-13 17:50:30"
"144","35485","218","2020-06-13 17:51:15","2020-06-13 17:51:15"
"147","36115","218","2020-06-13 17:52:01","2020-06-13 17:52:01"
"148","36438","218","2020-06-13 17:52:33","2020-06-13 17:52:33"
"150","36435","218","2020-06-13 17:54:21","2020-06-13 17:54:21"
"152","36347","218","2020-06-13 17:54:50","2020-06-13 17:54:50"
"154","36305","218","2020-06-13 17:55:59","2020-06-13 17:55:59"
"161","36020","218","2020-06-13 17:58:52","2020-06-13 17:58:52"
"162","27397","218","2020-06-13 17:59:37","2020-06-13 17:59:37"
"163","36969","121","2020-06-13 18:00:02","2020-06-13 18:00:02"
"164","35555","121","2020-06-13 18:00:20","2020-06-13 18:00:20"
"165","11401","218","2020-06-13 18:01:24","2020-06-13 18:01:24"
"167","11459","218","2020-06-13 18:02:20","2020-06-13 18:02:20"
"168","11405","218","2020-06-13 18:03:22","2020-06-13 18:03:22"
"169","35650","218","2020-06-13 18:03:58","2020-06-13 18:03:58"
"170","35645","218","2020-06-13 18:04:07","2020-06-13 18:04:07"
"171","19627","32","2020-06-14 16:54:44","2020-06-14 16:54:44"
"172","19628","32","2020-06-14 16:54:45","2020-06-14 16:54:45"
"173","19629","32","2020-06-14 16:54:46","2020-06-14 16:54:46"
"174","19630","32","2020-06-14 16:54:47","2020-06-14 16:54:47"
"175","19631","32","2020-06-14 16:54:49","2020-06-14 16:54:49"
"176","19632","32","2020-06-14 16:54:49","2020-06-14 16:54:49"
"177","19633","32","2020-06-14 16:54:51","2020-06-14 16:54:51"
"178","19634","32","2020-06-14 16:54:51","2020-06-14 16:54:51"
"179","19635","32","2020-06-14 16:54:53","2020-06-14 16:54:53"
"180","19636","32","2020-06-14 16:54:55","2020-06-14 16:54:55"
"181","19638","32","2020-06-14 16:54:56","2020-06-14 16:54:56"
"182","19643","32","2020-06-14 16:54:59","2020-06-14 16:54:59"
"183","19644","32","2020-06-14 16:54:59","2020-06-14 16:54:59"
"184","19645","32","2020-06-14 16:55:01","2020-06-14 16:55:01"
"185","19646","32","2020-06-14 16:55:02","2020-06-14 16:55:02"
"186","19955","32","2020-06-14 16:55:04","2020-06-14 16:55:04"
"187","19956","32","2020-06-14 16:55:05","2020-06-14 16:55:05"
"188","19957","32","2020-06-14 16:55:06","2020-06-14 16:55:06"
"189","19958","32","2020-06-14 16:55:07","2020-06-14 16:55:07"
"190","19959","32","2020-06-14 16:55:08","2020-06-14 16:55:08"
"191","19960","32","2020-06-14 16:55:09","2020-06-14 16:55:09"
"192","19961","32","2020-06-14 16:55:10","2020-06-14 16:55:10"
"193","19962","32","2020-06-14 16:55:12","2020-06-14 16:55:12"
"194","19963","32","2020-06-14 16:55:13","2020-06-14 16:55:13"
"195","19964","32","2020-06-14 16:55:14","2020-06-14 16:55:14"
"196","19965","32","2020-06-14 16:55:16","2020-06-14 16:55:16"
"197","19966","32","2020-06-14 16:55:17","2020-06-14 16:55:17"
"198","19967","32","2020-06-14 16:55:18","2020-06-14 16:55:18"
"199","19968","32","2020-06-14 16:55:19","2020-06-14 16:55:19"
"200","19969","32","2020-06-14 16:55:20","2020-06-14 16:55:20"
"201","19970","32","2020-06-14 16:55:21","2020-06-14 16:55:21"
"202","19971","32","2020-06-14 16:55:26","2020-06-14 16:55:26"
"203","19972","32","2020-06-14 16:55:26","2020-06-14 16:55:26"
"204","19973","32","2020-06-14 16:55:27","2020-06-14 16:55:27"
"205","19974","32","2020-06-14 16:55:28","2020-06-14 16:55:28"
"206","11234","31","2020-06-14 20:51:32","2020-06-14 20:51:32"
"208","19345","31","2020-06-14 20:51:40","2020-06-14 20:51:40"
"210","36386","123","2020-06-19 12:47:02","2020-06-19 12:47:02"
"211","36373","123","2020-06-19 12:47:04","2020-06-19 12:47:04"
"212","36308","123","2020-06-19 12:47:07","2020-06-19 12:47:07"
"213","36420","123","2020-06-19 12:47:41","2020-06-19 12:47:41"
"214","36935","123","2020-06-19 12:48:01","2020-06-19 12:48:01"
"215","36929","123","2020-06-19 12:48:10","2020-06-19 12:48:10"
"217","36613","273","2020-06-21 04:01:44","2020-06-21 04:01:44"
"218","11728","218","2020-06-21 12:18:08","2020-06-21 12:18:08"
"220","11758","218","2020-06-21 12:18:37","2020-06-21 12:18:37"
"221","36231","218","2020-06-21 13:01:28","2020-06-21 13:01:28"
"225","36675","218","2020-06-21 13:03:46","2020-06-21 13:03:46"
"226","36644","218","2020-06-21 13:04:36","2020-06-21 13:04:36"
"227","36655","218","2020-06-21 13:05:02","2020-06-21 13:05:02"
"230","36583","218","2020-06-21 13:07:45","2020-06-21 13:07:45"
"231","36569","218","2020-06-21 13:07:53","2020-06-21 13:07:53"
"232","35643","218","2020-06-21 13:08:28","2020-06-21 13:08:28"
"233","35646","218","2020-06-21 13:08:39","2020-06-21 13:08:39"
"234","35919","218","2020-06-21 13:09:34","2020-06-21 13:09:34"
"235","35912","218","2020-06-21 13:09:46","2020-06-21 13:09:46"
"236","36209","121","2020-07-01 21:45:05","2020-07-01 21:45:05"
"237","36207","121","2020-07-01 21:45:22","2020-07-01 21:45:22"
"238","36763","121","2020-07-01 21:47:08","2020-07-01 21:47:08"
"239","35644","121","2020-07-01 21:48:06","2020-07-01 21:48:06"
"240","35534","121","2020-07-01 21:50:18","2020-07-01 21:50:18"
"241","35528","121","2020-07-01 21:51:50","2020-07-01 21:51:50"
"242","36286","121","2020-07-01 22:00:11","2020-07-01 22:00:11"
"243","36356","121","2020-07-01 22:02:19","2020-07-01 22:02:19"
"244","36277","121","2020-07-01 22:04:46","2020-07-01 22:04:46"
"245","36265","121","2020-07-01 22:05:53","2020-07-01 22:05:53"
"246","18561","121","2020-07-01 22:15:45","2020-07-01 22:15:45"
"247","35650","121","2020-07-02 21:07:54","2020-07-02 21:07:54"
"248","35723","121","2020-07-02 21:20:30","2020-07-02 21:20:30"
"249","36817","121","2020-07-02 21:25:54","2020-07-02 21:25:54"
"250","35397","118","2020-07-07 23:09:32","2020-07-07 23:09:32"
"251","35728","193","2020-07-08 13:42:58","2020-07-08 13:42:58"
"252","35506","193","2020-07-08 13:43:04","2020-07-08 13:43:04"
"253","35511","371","2020-07-11 15:30:05","2020-07-11 15:30:05"
"254","35506","371","2020-07-11 15:30:30","2020-07-11 15:30:30"
"255","35657","371","2020-07-11 15:31:52","2020-07-11 15:31:52"
"257","35674","371","2020-07-11 15:32:30","2020-07-11 15:32:30"
"258","35862","371","2020-07-11 15:33:47","2020-07-11 15:33:47"
"259","35866","371","2020-07-11 15:34:09","2020-07-11 15:34:09"
"260","35860","371","2020-07-11 15:34:14","2020-07-11 15:34:14"
"261","35881","371","2020-07-11 15:34:24","2020-07-11 15:34:24"
"262","35882","371","2020-07-11 15:34:39","2020-07-11 15:34:39"
"263","35873","371","2020-07-11 15:34:54","2020-07-11 15:34:54"
"264","35728","371","2020-07-11 15:37:37","2020-07-11 15:37:37"
"265","26506","371","2020-07-11 15:53:42","2020-07-11 15:53:42"
"266","26524","371","2020-07-11 15:54:00","2020-07-11 15:54:00"
"267","35525","371","2020-07-11 15:55:35","2020-07-11 15:55:35"
"268","36260","371","2020-07-11 15:56:22","2020-07-11 15:56:22"
"269","36269","371","2020-07-11 15:56:28","2020-07-11 15:56:28"
"270","36277","371","2020-07-11 15:56:46","2020-07-11 15:56:46"
"271","36482","371","2020-07-11 15:57:38","2020-07-11 15:57:38"
"272","36483","371","2020-07-11 15:57:44","2020-07-11 15:57:44"
"274","36398","371","2020-07-11 15:58:32","2020-07-11 15:58:32"
"275","36406","371","2020-07-11 15:59:00","2020-07-11 15:59:00"
"276","36285","371","2020-07-11 16:00:39","2020-07-11 16:00:39"
"278","36266","371","2020-07-11 16:01:59","2020-07-11 16:01:59"
"279","35642","371","2020-07-11 16:06:03","2020-07-11 16:06:03"
"280","35646","371","2020-07-11 16:06:20","2020-07-11 16:06:20"
"281","35648","371","2020-07-11 16:06:42","2020-07-11 16:06:42"
"282","35652","371","2020-07-11 16:07:25","2020-07-11 16:07:25"
"283","11229","371","2020-07-11 16:07:57","2020-07-11 16:07:57"
"284","11231","371","2020-07-11 16:08:37","2020-07-11 16:08:37"
"285","11176","371","2020-07-11 16:09:06","2020-07-11 16:09:06"
"286","11180","371","2020-07-11 16:16:07","2020-07-11 16:16:07"
"287","11183","371","2020-07-11 16:16:19","2020-07-11 16:16:19"
"288","11181","371","2020-07-11 16:18:39","2020-07-11 16:18:39"
"290","24908","371","2020-07-11 17:01:27","2020-07-11 17:01:27"
"291","35723","372","2020-07-12 22:29:20","2020-07-12 22:29:20"
"293","35660","372","2020-07-12 22:31:35","2020-07-12 22:31:35"
"294","36234","372","2020-07-12 22:34:11","2020-07-12 22:34:11"
"295","36023","372","2020-07-12 22:38:30","2020-07-12 22:38:30"
"296","37032","372","2020-07-12 22:45:15","2020-07-12 22:45:15"
"297","36640","372","2020-07-12 22:50:49","2020-07-12 22:50:49"
"298","36593","372","2020-07-12 22:52:59","2020-07-12 22:52:59"
"300","26315","31","2020-07-16 07:01:38","2020-07-16 07:01:38"
"302","26333","31","2020-07-16 07:02:03","2020-07-16 07:02:03"
"303","35674","31","2020-07-16 07:09:24","2020-07-16 07:09:24"
"307","24732","31","2020-07-16 07:13:50","2020-07-16 07:13:50"
"308","19351","31","2020-07-16 07:13:51","2020-07-16 07:13:51"
"309","11252","31","2020-07-16 07:15:22","2020-07-16 07:15:22"
"310","11251","31","2020-07-16 07:15:24","2020-07-16 07:15:24"
"311","18597","31","2020-07-16 07:17:11","2020-07-16 07:17:11"
"312","26324","32","2020-07-16 09:21:29","2020-07-16 09:21:29"
"313","26325","32","2020-07-16 09:21:32","2020-07-16 09:21:32"
"319","35885","407","2020-07-17 17:00:54","2020-07-17 17:00:54"
"320","11346","121","2020-07-18 15:41:49","2020-07-18 15:41:49"
"322","36897","121","2020-07-18 23:29:51","2020-07-18 23:29:51"
"323","36420","338","2020-07-19 12:36:20","2020-07-19 12:36:20"
"324","35650","123","2020-07-19 14:13:21","2020-07-19 14:13:21"
"325","35648","121","2020-07-19 15:19:10","2020-07-19 15:19:10"
"328","36355","121","2020-07-19 20:10:28","2020-07-19 20:10:28"
"329","37243","370","2020-07-20 17:48:03","2020-07-20 17:48:03"
"330","36231","273","2020-07-20 20:06:47","2020-07-20 20:06:47"
"332","35849","372","2020-07-21 21:58:35","2020-07-21 21:58:35"
"333","35840","372","2020-07-21 21:59:18","2020-07-21 21:59:18"
"336","35866","372","2020-07-21 22:04:39","2020-07-21 22:04:39"
"337","35868","372","2020-07-21 22:05:52","2020-07-21 22:05:52"
"338","35858","372","2020-07-21 22:05:55","2020-07-21 22:05:55"
"339","35873","372","2020-07-21 22:06:38","2020-07-21 22:06:38"
"342","35774","372","2020-07-21 22:12:58","2020-07-21 22:12:58"
"344","35813","372","2020-07-21 22:13:21","2020-07-21 22:13:21"
"345","36433","225","2020-07-23 14:47:05","2020-07-23 14:47:05"
"348","36968","123","2020-07-26 11:44:06","2020-07-26 11:44:06"
"350","26594","461","2020-08-22 08:05:43","2020-08-22 08:05:43"
"352","26598","461","2020-08-22 08:09:52","2020-08-22 08:09:52"
"353","24425","461","2020-08-22 09:13:02","2020-08-22 09:13:02"
"355","19351","466","2020-08-25 02:49:31","2020-08-25 02:49:31"
"356","22","475","2020-08-30 19:09:45","2020-08-30 19:09:45"
"357","4284","492","2020-08-31 13:57:15","2020-08-31 13:57:15"
"361","13647","564","2020-09-01 11:39:17","2020-09-01 11:39:17"
"362","13957","564","2020-09-01 11:39:31","2020-09-01 11:39:31"
"363","13960","564","2020-09-01 11:39:38","2020-09-01 11:39:38"
"364","4845","564","2020-09-01 11:40:04","2020-09-01 11:40:04"
"365","5179","564","2020-09-01 11:40:45","2020-09-01 11:40:45"
"366","5177","564","2020-09-01 11:40:47","2020-09-01 11:40:47"
"367","5180","564","2020-09-01 11:40:50","2020-09-01 11:40:50"
"368","13100","564","2020-09-01 11:41:16","2020-09-01 11:41:16"
"369","13003","564","2020-09-01 11:41:30","2020-09-01 11:41:30"
"370","13004","564","2020-09-01 11:41:51","2020-09-01 11:41:51"
"371","12780","564","2020-09-01 11:42:11","2020-09-01 11:42:11"
"372","10295","564","2020-09-01 11:42:20","2020-09-01 11:42:20"
"373","10294","564","2020-09-01 11:42:22","2020-09-01 11:42:22"
"374","9322","564","2020-09-01 11:42:28","2020-09-01 11:42:28"
"375","9096","564","2020-09-01 11:42:50","2020-09-01 11:42:50"
"376","6997","564","2020-09-01 11:43:04","2020-09-01 11:43:04"
"377","6787","564","2020-09-01 11:43:10","2020-09-01 11:43:10"
"378","6965","564","2020-09-01 11:43:16","2020-09-01 11:43:16"
"379","6788","564","2020-09-01 11:43:27","2020-09-01 11:43:27"
"380","6869","564","2020-09-01 11:43:31","2020-09-01 11:43:31"
"381","5698","564","2020-09-01 11:43:37","2020-09-01 11:43:37"
"382","9105","564","2020-09-01 11:45:45","2020-09-01 11:45:45"
"383","9106","564","2020-09-01 11:45:46","2020-09-01 11:45:46"
"384","9759","564","2020-09-01 11:45:51","2020-09-01 11:45:51"
"385","9770","564","2020-09-01 11:46:08","2020-09-01 11:46:08"
"386","9779","564","2020-09-01 11:46:24","2020-09-01 11:46:24"
"387","9782","564","2020-09-01 11:46:30","2020-09-01 11:46:30"
"389","10625","564","2020-09-01 11:55:20","2020-09-01 11:55:20"
"390","10587","564","2020-09-01 11:55:24","2020-09-01 11:55:24"
"391","3658","564","2020-09-01 11:56:02","2020-09-01 11:56:02"
"392","3714","564","2020-09-01 11:56:08","2020-09-01 11:56:08"
"393","3722","564","2020-09-01 11:56:11","2020-09-01 11:56:11"
"394","3731","564","2020-09-01 11:56:29","2020-09-01 11:56:29"
"395","3715","564","2020-09-01 11:56:41","2020-09-01 11:56:41"
"396","3701","564","2020-09-01 11:58:12","2020-09-01 11:58:12"
"397","3719","564","2020-09-01 11:58:25","2020-09-01 11:58:25"
"398","3434","564","2020-09-01 12:01:53","2020-09-01 12:01:53"
"399","3439","564","2020-09-01 12:02:03","2020-09-01 12:02:03"
"401","4290","564","2020-09-01 12:03:04","2020-09-01 12:03:04"
"402","4610","564","2020-09-01 12:04:54","2020-09-01 12:04:54"
"403","4857","564","2020-09-01 12:08:49","2020-09-01 12:08:49"
"404","13425","564","2020-09-01 12:14:55","2020-09-01 12:14:55"
"405","13811","564","2020-09-01 12:15:55","2020-09-01 12:15:55"
"406","13952","564","2020-09-01 12:16:13","2020-09-01 12:16:13"
"407","13424","574","2020-09-01 15:07:28","2020-09-01 15:07:28"
"409","4176","588","2020-09-01 17:32:14","2020-09-01 17:32:14"
"416","213","496","2020-09-01 17:37:14","2020-09-01 17:37:14"
"419","10362","496","2020-09-01 17:50:51","2020-09-01 17:50:51"
"421","3911","496","2020-09-01 20:29:46","2020-09-01 20:29:46"
"422","8096","496","2020-09-01 20:35:31","2020-09-01 20:35:31"
"423","7909","496","2020-09-01 20:36:32","2020-09-01 20:36:32"
"424","7729","496","2020-09-01 20:37:47","2020-09-01 20:37:47"
"425","7432","496","2020-09-01 20:39:21","2020-09-01 20:39:21"
"426","10657","496","2020-09-01 20:41:43","2020-09-01 20:41:43"
"427","6939","496","2020-09-01 20:42:41","2020-09-01 20:42:41"
"428","6949","496","2020-09-01 20:42:50","2020-09-01 20:42:50"
"429","6960","496","2020-09-01 20:42:56","2020-09-01 20:42:56"
"430","9035","496","2020-09-01 20:43:23","2020-09-01 20:43:23"
"431","8455","496","2020-09-01 20:46:55","2020-09-01 20:46:55"
"432","10361","496","2020-09-01 20:48:45","2020-09-01 20:48:45"
"433","10339","496","2020-09-01 20:48:56","2020-09-01 20:48:56"
"434","10348","496","2020-09-01 20:49:05","2020-09-01 20:49:05"
"435","10349","496","2020-09-01 20:49:17","2020-09-01 20:49:17"
"436","7630","496","2020-09-01 20:50:29","2020-09-01 20:50:29"
"437","620","496","2020-09-01 20:50:45","2020-09-01 20:50:45"
"438","621","496","2020-09-01 20:50:56","2020-09-01 20:50:56"
"440","15273","496","2020-09-01 20:54:36","2020-09-01 20:54:36"
"441","15266","496","2020-09-01 20:54:48","2020-09-01 20:54:48"
"443","15252","496","2020-09-01 20:55:18","2020-09-01 20:55:18"
"444","10128","496","2020-09-01 21:00:33","2020-09-01 21:00:33"
"445","9771","496","2020-09-01 21:04:18","2020-09-01 21:04:18"
"446","9779","496","2020-09-01 21:04:25","2020-09-01 21:04:25"
"447","3722","496","2020-09-01 21:07:40","2020-09-01 21:07:40"
"448","3635","598","2020-09-01 21:19:15","2020-09-01 21:19:15"
"449","5775","496","2020-09-02 00:32:03","2020-09-02 00:32:03"
"454","7013","588","2020-09-02 07:39:50","2020-09-02 07:39:50"
"458","6925","588","2020-09-02 07:43:31","2020-09-02 07:43:31"
"466","6423","588","2020-09-02 07:49:13","2020-09-02 07:49:13"
"469","3960","588","2020-09-02 07:59:18","2020-09-02 07:59:18"
"472","10142","495","2020-09-02 15:32:58","2020-09-02 15:32:58"
"473","10156","495","2020-09-02 15:33:17","2020-09-02 15:33:17"
"474","5523","610","2020-09-02 15:33:28","2020-09-02 15:33:28"
"475","8983","610","2020-09-02 15:36:52","2020-09-02 15:36:52"
"476","5237","610","2020-09-02 15:47:20","2020-09-02 15:47:20"
"480","14856","624","2020-09-02 16:10:12","2020-09-02 16:10:12"
"484","402","624","2020-09-02 16:13:21","2020-09-02 16:13:21"
"485","612","624","2020-09-02 16:14:10","2020-09-02 16:14:10"
"487","608","624","2020-09-02 16:14:23","2020-09-02 16:14:23"
"488","8767","630","2020-09-02 20:03:12","2020-09-02 20:03:12"
"489","4202","630","2020-09-02 20:04:32","2020-09-02 20:04:32"
"490","13406","630","2020-09-02 20:06:42","2020-09-02 20:06:42"
"491","10455","630","2020-09-02 20:10:32","2020-09-02 20:10:32"
"492","13005","630","2020-09-02 20:14:06","2020-09-02 20:14:06"
"493","13008","630","2020-09-02 20:15:24","2020-09-02 20:15:24"
"494","12676","630","2020-09-02 20:19:39","2020-09-02 20:19:39"
"496","9130","491","2020-09-02 20:32:50","2020-09-02 20:32:50"
"497","10128","491","2020-09-02 20:33:58","2020-09-02 20:33:58"
"498","3893","630","2020-09-02 21:23:49","2020-09-02 21:23:49"
"499","3995","630","2020-09-02 21:25:05","2020-09-02 21:25:05"
"500","3588","630","2020-09-02 21:28:15","2020-09-02 21:28:15"
"502","9754","630","2020-09-02 21:28:58","2020-09-02 21:28:58"
"503","10576","630","2020-09-02 21:29:21","2020-09-02 21:29:21"
"504","3921","630","2020-09-02 21:33:13","2020-09-02 21:33:13"
"506","4110","630","2020-09-02 21:34:46","2020-09-02 21:34:46"
"507","4210","630","2020-09-02 21:34:48","2020-09-02 21:34:48"
"509","3911","630","2020-09-02 21:43:25","2020-09-02 21:43:25"
"510","3635","630","2020-09-02 21:44:19","2020-09-02 21:44:19"
"511","14109","630","2020-09-02 21:45:17","2020-09-02 21:45:17"
"512","14110","630","2020-09-02 21:45:20","2020-09-02 21:45:20"
"514","13874","630","2020-09-02 21:56:33","2020-09-02 21:56:33"
"515","13453","630","2020-09-02 21:57:12","2020-09-02 21:57:12"
"520","6113","622","2020-09-02 22:23:47","2020-09-02 22:23:47"
"523","5516","622","2020-09-02 22:33:08","2020-09-02 22:33:08"
"524","5563","622","2020-09-02 22:38:16","2020-09-02 22:38:16"
"525","5580","622","2020-09-02 22:39:45","2020-09-02 22:39:45"
"526","5429","622","2020-09-02 22:45:23","2020-09-02 22:45:23"
"527","5430","622","2020-09-02 22:45:29","2020-09-02 22:45:29"
"528","3530","630","2020-09-02 22:46:18","2020-09-02 22:46:18"
"530","5466","622","2020-09-02 22:48:21","2020-09-02 22:48:21"
"531","6028","630","2020-09-02 22:49:28","2020-09-02 22:49:28"
"533","8271","630","2020-09-02 22:50:43","2020-09-02 22:50:43"
"534","5486","622","2020-09-02 22:52:52","2020-09-02 22:52:52"
"536","5483","622","2020-09-02 22:53:01","2020-09-02 22:53:01"
"537","5480","622","2020-09-02 22:53:04","2020-09-02 22:53:04"
"539","4941","622","2020-09-02 23:28:23","2020-09-02 23:28:23"
"540","4810","622","2020-09-02 23:41:05","2020-09-02 23:41:05"
"541","5099","622","2020-09-02 23:51:33","2020-09-02 23:51:33"
"542","5100","622","2020-09-02 23:51:36","2020-09-02 23:51:36"
"543","5037","622","2020-09-02 23:52:57","2020-09-02 23:52:57"
"544","5049","622","2020-09-02 23:53:17","2020-09-02 23:53:17"
"546","5614","622","2020-09-02 23:55:17","2020-09-02 23:55:17"
"547","5611","622","2020-09-02 23:55:45","2020-09-02 23:55:45"
"548","6449","622","2020-09-02 23:56:48","2020-09-02 23:56:48"
"549","5667","622","2020-09-02 23:57:20","2020-09-02 23:57:20"
"551","5239","622","2020-09-03 00:03:45","2020-09-03 00:03:45"
"552","8102","622","2020-09-03 00:12:32","2020-09-03 00:12:32"
"553","8110","622","2020-09-03 00:12:35","2020-09-03 00:12:35"
"554","8112","622","2020-09-03 00:13:04","2020-09-03 00:13:04"
"555","8106","622","2020-09-03 00:13:24","2020-09-03 00:13:24"
"556","8114","622","2020-09-03 00:13:30","2020-09-03 00:13:30"
"557","8108","622","2020-09-03 00:14:00","2020-09-03 00:14:00"
"558","7933","622","2020-09-03 00:15:53","2020-09-03 00:15:53"
"559","7934","622","2020-09-03 00:16:32","2020-09-03 00:16:32"
"560","7865","622","2020-09-03 00:18:33","2020-09-03 00:18:33"
"561","7864","622","2020-09-03 00:18:35","2020-09-03 00:18:35"
"562","7896","622","2020-09-03 00:19:07","2020-09-03 00:19:07"
"563","7897","622","2020-09-03 00:19:09","2020-09-03 00:19:09"
"564","7898","622","2020-09-03 00:19:10","2020-09-03 00:19:10"
"566","7803","622","2020-09-03 00:21:11","2020-09-03 00:21:11"
"569","7544","622","2020-09-03 00:23:11","2020-09-03 00:23:11"
"570","7433","622","2020-09-03 00:24:15","2020-09-03 00:24:15"
"571","8604","622","2020-09-03 00:26:27","2020-09-03 00:26:27"
"572","8605","622","2020-09-03 00:26:55","2020-09-03 00:26:55"
"573","8632","622","2020-09-03 00:27:40","2020-09-03 00:27:40"
"574","8651","622","2020-09-03 00:30:36","2020-09-03 00:30:36"
"576","15165","622","2020-09-03 00:34:56","2020-09-03 00:34:56"
"577","15197","622","2020-09-03 00:35:21","2020-09-03 00:35:21"
"578","15166","622","2020-09-03 00:37:24","2020-09-03 00:37:24"
"579","15198","622","2020-09-03 00:37:46","2020-09-03 00:37:46"
"580","15180","622","2020-09-03 00:38:45","2020-09-03 00:38:45"
"583","14871","622","2020-09-03 00:43:40","2020-09-03 00:43:40"
"591","47","588","2020-09-03 07:34:05","2020-09-03 07:34:05"
"593","3911","622","2020-09-03 12:32:05","2020-09-03 12:32:05"
"594","6293","495","2020-09-03 12:43:52","2020-09-03 12:43:52"
"595","14317","495","2020-09-03 12:45:34","2020-09-03 12:45:34"
"596","13540","495","2020-09-03 12:45:55","2020-09-03 12:45:55"
"597","4402","495","2020-09-03 12:47:02","2020-09-03 12:47:02"
"598","9638","495","2020-09-03 12:49:04","2020-09-03 12:49:04"
"599","9631","495","2020-09-03 12:49:25","2020-09-03 12:49:25"
"601","12738","495","2020-09-03 13:04:09","2020-09-03 13:04:09"
"602","14493","624","2020-09-03 13:08:07","2020-09-03 13:08:07"
"604","6423","624","2020-09-03 13:11:32","2020-09-03 13:11:32"
"605","370","622","2020-09-03 15:26:50","2020-09-03 15:26:50"
"607","6733","489","2020-09-03 17:09:59","2020-09-03 17:09:59"
"608","6731","489","2020-09-03 17:10:11","2020-09-03 17:10:11"
"609","5321","489","2020-09-03 17:11:55","2020-09-03 17:11:55"
"610","5038","489","2020-09-03 17:12:58","2020-09-03 17:12:58"
"611","5054","489","2020-09-03 17:13:19","2020-09-03 17:13:19"
"612","5056","489","2020-09-03 17:13:27","2020-09-03 17:13:27"
"613","10253","489","2020-09-03 17:14:47","2020-09-03 17:14:47"
"614","10239","489","2020-09-03 17:14:58","2020-09-03 17:14:58"
"615","10240","489","2020-09-03 17:15:03","2020-09-03 17:15:03"
"616","10256","489","2020-09-03 17:15:07","2020-09-03 17:15:07"
"617","10257","489","2020-09-03 17:15:15","2020-09-03 17:15:15"
"618","10251","489","2020-09-03 17:15:24","2020-09-03 17:15:24"
"619","10143","489","2020-09-03 17:15:58","2020-09-03 17:15:58"
"620","10214","489","2020-09-03 17:16:29","2020-09-03 17:16:29"
"621","10089","489","2020-09-03 17:17:09","2020-09-03 17:17:09"
"622","10095","489","2020-09-03 17:17:15","2020-09-03 17:17:15"
"624","10100","489","2020-09-03 17:17:29","2020-09-03 17:17:29"
"625","10103","489","2020-09-03 17:17:33","2020-09-03 17:17:33"
"626","10106","489","2020-09-03 17:17:36","2020-09-03 17:17:36"
"627","10121","489","2020-09-03 17:17:46","2020-09-03 17:17:46"
"628","10126","489","2020-09-03 17:17:58","2020-09-03 17:17:58"
"629","10008","489","2020-09-03 17:18:21","2020-09-03 17:18:21"
"630","10016","489","2020-09-03 17:18:30","2020-09-03 17:18:30"
"631","9935","489","2020-09-03 17:19:09","2020-09-03 17:19:09"
"632","9939","489","2020-09-03 17:19:15","2020-09-03 17:19:15"
"634","9941","489","2020-09-03 17:19:24","2020-09-03 17:19:24"
"635","9946","489","2020-09-03 17:19:30","2020-09-03 17:19:30"
"636","9951","489","2020-09-03 17:19:36","2020-09-03 17:19:36"
"637","9952","489","2020-09-03 17:19:39","2020-09-03 17:19:39"
"638","9989","489","2020-09-03 17:20:19","2020-09-03 17:20:19"
"639","9990","489","2020-09-03 17:20:22","2020-09-03 17:20:22"
"640","9114","489","2020-09-03 17:21:04","2020-09-03 17:21:04"
"641","10468","489","2020-09-03 17:22:12","2020-09-03 17:22:12"
"642","6103","489","2020-09-03 17:23:08","2020-09-03 17:23:08"
"643","6187","489","2020-09-03 17:23:33","2020-09-03 17:23:33"
"644","6366","489","2020-09-03 17:23:51","2020-09-03 17:23:51"
"645","5994","489","2020-09-03 17:24:12","2020-09-03 17:24:12"
"646","4868","489","2020-09-03 17:28:09","2020-09-03 17:28:09"
"647","9366","489","2020-09-03 17:29:38","2020-09-03 17:29:38"
"648","12876","489","2020-09-03 17:31:48","2020-09-03 17:31:48"
"649","12902","489","2020-09-03 17:32:07","2020-09-03 17:32:07"
"650","13824","489","2020-09-03 17:32:56","2020-09-03 17:32:56"
"651","13818","489","2020-09-03 17:33:02","2020-09-03 17:33:02"
"652","14205","489","2020-09-03 17:34:39","2020-09-03 17:34:39"
"653","9068","630","2020-09-03 18:38:33","2020-09-03 18:38:33"
"654","9031","630","2020-09-03 18:39:17","2020-09-03 18:39:17"
"655","9022","630","2020-09-03 18:39:35","2020-09-03 18:39:35"
"656","10297","630","2020-09-03 18:57:18","2020-09-03 18:57:18"
"657","4644","630","2020-09-03 19:03:55","2020-09-03 19:03:55"
"667","4954","588","2020-09-03 19:43:47","2020-09-03 19:43:47"
"672","6890","590","2020-09-03 19:45:35","2020-09-03 19:45:35"
"673","9422","588","2020-09-03 19:46:51","2020-09-03 19:46:51"
"674","9889","590","2020-09-03 19:47:59","2020-09-03 19:47:59"
"675","9538","590","2020-09-03 19:49:27","2020-09-03 19:49:27"
"677","4280","590","2020-09-03 19:52:13","2020-09-03 19:52:13"
"678","13820","590","2020-09-03 19:56:47","2020-09-03 19:56:47"
"679","13715","590","2020-09-03 19:57:07","2020-09-03 19:57:07"
"680","13300","610","2020-09-03 21:11:30","2020-09-03 21:11:30"
"683","8295","588","2020-09-05 08:08:58","2020-09-05 08:08:58"
"686","13792","588","2020-09-05 08:46:38","2020-09-05 08:46:38"
"689","13660","588","2020-09-05 08:47:57","2020-09-05 08:47:57"
"691","13466","588","2020-09-05 08:48:53","2020-09-05 08:48:53"
"692","13407","588","2020-09-05 08:49:35","2020-09-05 08:49:35"
"697","13482","662","2020-09-05 12:01:17","2020-09-05 12:01:17"
"698","13481","662","2020-09-05 12:01:19","2020-09-05 12:01:19"
"699","7725","662","2020-09-05 12:05:29","2020-09-05 12:05:29"
"700","7721","662","2020-09-05 12:05:30","2020-09-05 12:05:30"
"701","5289","662","2020-09-05 12:08:06","2020-09-05 12:08:06"
"702","5291","662","2020-09-05 12:08:16","2020-09-05 12:08:16"
"703","4183","662","2020-09-05 12:09:08","2020-09-05 12:09:08"
"704","5102","662","2020-09-05 12:20:32","2020-09-05 12:20:32"
"705","5030","496","2020-09-05 14:56:20","2020-09-05 14:56:20"
"706","6927","496","2020-09-05 14:58:38","2020-09-05 14:58:38"
"708","6707","496","2020-09-05 14:58:56","2020-09-05 14:58:56"
"709","6422","496","2020-09-05 14:59:05","2020-09-05 14:59:05"
"710","5794","496","2020-09-05 14:59:15","2020-09-05 14:59:15"
"711","6295","496","2020-09-05 15:02:16","2020-09-05 15:02:16"
"712","13141","489","2020-09-05 20:52:34","2020-09-05 20:52:34"
"713","13029","489","2020-09-05 20:53:48","2020-09-05 20:53:48"
"714","12812","489","2020-09-05 20:54:28","2020-09-05 20:54:28"
"715","12765","489","2020-09-05 20:55:43","2020-09-05 20:55:43"
"716","5904","489","2020-09-05 20:59:41","2020-09-05 20:59:41"
"717","6049","489","2020-09-05 21:01:33","2020-09-05 21:01:33"
"718","6293","489","2020-09-05 21:03:47","2020-09-05 21:03:47"
"719","6294","489","2020-09-05 21:04:09","2020-09-05 21:04:09"
"720","6291","489","2020-09-05 21:04:17","2020-09-05 21:04:17"
"721","13402","669","2020-09-06 11:17:40","2020-09-06 11:17:40"
"722","4992","671","2020-09-06 11:40:02","2020-09-06 11:40:02"
"723","10625","560","2020-09-06 11:52:29","2020-09-06 11:52:29"
"724","9733","669","2020-09-06 14:23:51","2020-09-06 14:23:51"
"725","12786","669","2020-09-06 14:27:30","2020-09-06 14:27:30"
"726","3747","588","2020-09-06 19:37:39","2020-09-06 19:37:39"
"727","6870","588","2020-09-06 19:38:16","2020-09-06 19:38:16"
"728","7262","588","2020-09-06 19:39:56","2020-09-06 19:39:56"
"732","3521","588","2020-09-06 19:40:59","2020-09-06 19:40:59"
"733","7148","588","2020-09-06 19:41:38","2020-09-06 19:41:38"
"734","12674","588","2020-09-06 19:42:15","2020-09-06 19:42:15"
"736","7255","588","2020-09-06 19:43:26","2020-09-06 19:43:26"
"738","4012","588","2020-09-06 19:47:04","2020-09-06 19:47:04"
"739","4731","588","2020-09-06 19:49:22","2020-09-06 19:49:22"
"740","9699","560","2020-09-06 19:57:54","2020-09-06 19:57:54"
"743","9080","564","2020-09-06 19:59:38","2020-09-06 19:59:38"
"745","4577","564","2020-09-06 20:03:30","2020-09-06 20:03:30"
"746","4608","564","2020-09-06 20:03:36","2020-09-06 20:03:36"
"747","9752","588","2020-09-06 20:03:55","2020-09-06 20:03:55"
"748","3456","588","2020-09-06 20:05:35","2020-09-06 20:05:35"
"749","10285","588","2020-09-06 20:08:46","2020-09-06 20:08:46"
"750","13957","560","2020-09-06 20:09:07","2020-09-06 20:09:07"
"751","13953","560","2020-09-06 20:09:47","2020-09-06 20:09:47"
"753","13803","560","2020-09-06 20:12:57","2020-09-06 20:12:57"
"754","3876","564","2020-09-06 20:13:19","2020-09-06 20:13:19"
"755","13767","560","2020-09-06 20:13:54","2020-09-06 20:13:54"
"756","4107","588","2020-09-06 20:13:59","2020-09-06 20:13:59"
"757","13647","560","2020-09-06 20:16:27","2020-09-06 20:16:27"
"758","13684","560","2020-09-06 20:17:07","2020-09-06 20:17:07"
"761","9127","564","2020-09-06 20:20:53","2020-09-06 20:20:53"
"764","3590","564","2020-09-06 20:24:08","2020-09-06 20:24:08"
"765","14492","560","2020-09-06 20:26:00","2020-09-06 20:26:00"
"766","14486","560","2020-09-06 20:26:12","2020-09-06 20:26:12"
"767","14488","560","2020-09-06 20:26:24","2020-09-06 20:26:24"
"768","8416","564","2020-09-06 20:28:23","2020-09-06 20:28:23"
"769","5778","560","2020-09-06 20:31:19","2020-09-06 20:31:19"
"770","3603","564","2020-09-06 20:33:02","2020-09-06 20:33:02"
"771","9104","560","2020-09-06 20:34:02","2020-09-06 20:34:02"
"772","9115","560","2020-09-06 20:34:19","2020-09-06 20:34:19"
"773","14286","560","2020-09-06 20:37:32","2020-09-06 20:37:32"
"774","9813","564","2020-09-06 20:37:46","2020-09-06 20:37:46"
"775","14288","560","2020-09-06 20:37:50","2020-09-06 20:37:50"
"776","9811","564","2020-09-06 20:37:58","2020-09-06 20:37:58"
"777","5207","560","2020-09-06 20:40:38","2020-09-06 20:40:38"
"780","7023","588","2020-09-06 21:20:22","2020-09-06 21:20:22"
"798","8394","588","2020-09-06 22:03:06","2020-09-06 22:03:06"
"817","7269","588","2020-09-07 08:38:34","2020-09-07 08:38:34"
"829","6283","624","2020-09-07 11:42:14","2020-09-07 11:42:14"
"831","6291","624","2020-09-07 11:44:02","2020-09-07 11:44:02"
"832","3945","624","2020-09-07 11:59:19","2020-09-07 11:59:19"
"833","13089","590","2020-09-07 12:53:01","2020-09-07 12:53:01"
"834","9641","532","2020-09-07 16:30:19","2020-09-07 16:30:19"
"835","9646","532","2020-09-07 16:31:03","2020-09-07 16:31:03"
"836","6420","532","2020-09-07 16:32:52","2020-09-07 16:32:52"
"837","6207","532","2020-09-07 16:33:46","2020-09-07 16:33:46"
"838","14282","532","2020-09-07 16:37:30","2020-09-07 16:37:30"
"839","10256","532","2020-09-07 16:39:15","2020-09-07 16:39:15"
"842","4736","717","2020-09-07 19:52:46","2020-09-07 19:52:46"
"843","9232","630","2020-09-07 19:53:56","2020-09-07 19:53:56"
"846","4056","630","2020-09-07 19:56:09","2020-09-07 19:56:09"
"847","10566","717","2020-09-07 20:00:45","2020-09-07 20:00:45"
"848","12750","717","2020-09-07 20:02:59","2020-09-07 20:02:59"
"849","13424","717","2020-09-07 20:05:09","2020-09-07 20:05:09"
"850","4234","717","2020-09-07 20:07:22","2020-09-07 20:07:22"
"852","13714","717","2020-09-07 20:10:22","2020-09-07 20:10:22"
"853","13713","630","2020-09-07 20:11:39","2020-09-07 20:11:39"
"854","8301","566","2020-09-08 09:57:58","2020-09-08 09:57:58"
"855","9115","566","2020-09-08 10:06:41","2020-09-08 10:06:41"
"856","4176","630","2020-09-08 17:15:16","2020-09-08 17:15:16"
"858","4127","588","2020-09-08 19:28:49","2020-09-08 19:28:49"
"860","4213","588","2020-09-08 19:29:43","2020-09-08 19:29:43"
"861","3931","588","2020-09-08 19:30:41","2020-09-08 19:30:41"
"863","13265","588","2020-09-08 19:31:28","2020-09-08 19:31:28"
"867","12963","588","2020-09-08 19:39:39","2020-09-08 19:39:39"
"869","4873","588","2020-09-08 19:41:47","2020-09-08 19:41:47"
"873","9354","588","2020-09-08 19:47:33","2020-09-08 19:47:33"
"879","6283","622","2020-09-08 22:01:23","2020-09-08 22:01:23"
"880","10510","622","2020-09-08 23:28:28","2020-09-08 23:28:28"
"881","10518","622","2020-09-08 23:28:31","2020-09-08 23:28:31"
"882","10503","622","2020-09-08 23:28:45","2020-09-08 23:28:45"
"883","10464","622","2020-09-08 23:31:29","2020-09-08 23:31:29"
"884","10466","622","2020-09-08 23:31:36","2020-09-08 23:31:36"
"885","10375","622","2020-09-08 23:33:46","2020-09-08 23:33:46"
"886","10376","622","2020-09-08 23:33:49","2020-09-08 23:33:49"
"887","15328","622","2020-09-09 00:01:11","2020-09-09 00:01:11"
"888","15345","622","2020-09-09 00:01:24","2020-09-09 00:01:24"
"889","15330","622","2020-09-09 00:01:30","2020-09-09 00:01:30"
"890","15338","622","2020-09-09 00:01:35","2020-09-09 00:01:35"
"891","304","496","2020-09-09 00:01:50","2020-09-09 00:01:50"
"892","15339","622","2020-09-09 00:02:14","2020-09-09 00:02:14"
"893","350","496","2020-09-09 00:02:39","2020-09-09 00:02:39"
"895","15291","622","2020-09-09 00:03:58","2020-09-09 00:03:58"
"896","139","496","2020-09-09 00:04:46","2020-09-09 00:04:46"
"897","235","496","2020-09-09 00:05:27","2020-09-09 00:05:27"
"898","550","496","2020-09-09 00:06:35","2020-09-09 00:06:35"
"901","586","496","2020-09-09 00:07:08","2020-09-09 00:07:08"
"902","588","496","2020-09-09 00:07:33","2020-09-09 00:07:33"
"903","14899","496","2020-09-09 00:09:53","2020-09-09 00:09:53"
"906","14241","496","2020-09-09 09:52:07","2020-09-09 09:52:07"
"907","13300","496","2020-09-09 09:55:07","2020-09-09 09:55:07"
"908","6232","496","2020-09-09 10:21:27","2020-09-09 10:21:27"
"909","6251","496","2020-09-09 10:21:34","2020-09-09 10:21:34"
"912","8631","622","2020-09-09 11:51:58","2020-09-09 11:51:58"
"913","5508","496","2020-09-09 14:22:44","2020-09-09 14:22:44"
"914","10658","496","2020-09-09 14:26:12","2020-09-09 14:26:12"
"915","10455","496","2020-09-09 14:28:40","2020-09-09 14:28:40"
"917","10325","496","2020-09-09 14:29:03","2020-09-09 14:29:03"
"918","10328","496","2020-09-09 14:29:06","2020-09-09 14:29:06"
"919","10331","496","2020-09-09 14:29:13","2020-09-09 14:29:13"
"920","10287","496","2020-09-09 14:29:49","2020-09-09 14:29:49"
"922","9299","496","2020-09-09 14:56:16","2020-09-09 14:56:16"
"923","4116","630","2020-09-09 19:24:48","2020-09-09 19:24:48"
"924","12873","496","2020-09-09 21:07:46","2020-09-09 21:07:46"
"926","10451","754","2020-09-10 08:35:13","2020-09-10 08:35:13"
"927","5781","754","2020-09-10 08:36:03","2020-09-10 08:36:03"
"928","4971","754","2020-09-10 08:37:03","2020-09-10 08:37:03"
"929","4973","754","2020-09-10 08:37:09","2020-09-10 08:37:09"
"930","13056","754","2020-09-10 08:37:53","2020-09-10 08:37:53"
"931","12958","754","2020-09-10 08:41:21","2020-09-10 08:41:21"
"932","13424","754","2020-09-10 08:42:09","2020-09-10 08:42:09"
"933","13467","754","2020-09-10 08:42:22","2020-09-10 08:42:22"
"934","3877","754","2020-09-10 08:44:11","2020-09-10 08:44:11"
"935","3722","754","2020-09-10 08:44:43","2020-09-10 08:44:43"
"936","402","754","2020-09-10 08:46:14","2020-09-10 08:46:14"
"937","4569","754","2020-09-10 08:46:41","2020-09-10 08:46:41"
"938","4513","754","2020-09-10 08:47:02","2020-09-10 08:47:02"
"939","4381","754","2020-09-10 08:49:44","2020-09-10 08:49:44"
"940","4379","754","2020-09-10 08:49:48","2020-09-10 08:49:48"
"941","6581","765","2020-09-10 16:53:26","2020-09-10 16:53:26"
"942","4742","765","2020-09-10 16:53:28","2020-09-10 16:53:28"
"943","6598","622","2020-09-10 21:05:28","2020-09-10 21:05:28"
"944","10238","630","2020-09-10 22:26:02","2020-09-10 22:26:02"
"945","4532","622","2020-09-10 22:40:09","2020-09-10 22:40:09"
"946","4587","622","2020-09-10 22:41:48","2020-09-10 22:41:48"
"947","4498","622","2020-09-10 22:42:44","2020-09-10 22:42:44"
"948","13748","622","2020-09-10 22:48:17","2020-09-10 22:48:17"
"949","13619","622","2020-09-10 22:49:34","2020-09-10 22:49:34"
"950","13683","622","2020-09-10 22:50:56","2020-09-10 22:50:56"
"951","9813","622","2020-09-10 22:55:07","2020-09-10 22:55:07"
"952","8606","622","2020-09-10 22:58:00","2020-09-10 22:58:00"
"955","3710","765","2020-09-11 11:18:20","2020-09-11 11:18:20"
"956","13546","765","2020-09-11 11:19:07","2020-09-11 11:19:07"
"958","10142","765","2020-09-11 11:19:46","2020-09-11 11:19:46"
"959","9943","765","2020-09-11 11:20:46","2020-09-11 11:20:46"
"960","12876","765","2020-09-11 11:21:13","2020-09-11 11:21:13"
"963","3573","588","2020-09-11 16:47:35","2020-09-11 16:47:35"
"964","8170","588","2020-09-11 16:49:35","2020-09-11 16:49:35"
"965","4846","588","2020-09-11 16:52:24","2020-09-11 16:52:24"
"967","4920","588","2020-09-11 16:54:04","2020-09-11 16:54:04"
"968","4853","588","2020-09-11 16:54:42","2020-09-11 16:54:42"
"970","10535","588","2020-09-11 16:56:14","2020-09-11 16:56:14"
"971","3560","588","2020-09-11 16:57:29","2020-09-11 16:57:29"
"972","10544","588","2020-09-11 16:58:14","2020-09-11 16:58:14"
"973","7334","588","2020-09-11 17:02:34","2020-09-11 17:02:34"
"974","7199","588","2020-09-11 17:03:16","2020-09-11 17:03:16"
"975","4110","588","2020-09-11 17:04:40","2020-09-11 17:04:40"
"976","4109","588","2020-09-11 17:05:04","2020-09-11 17:05:04"
"981","380","496","2020-09-11 19:27:45","2020-09-11 19:27:45"
"982","13253","588","2020-09-11 22:17:26","2020-09-11 22:17:26"
"988","6507","588","2020-09-11 23:38:38","2020-09-11 23:38:38"
"990","6422","588","2020-09-11 23:39:59","2020-09-11 23:39:59"
"995","4032","594","2020-09-13 19:18:10","2020-09-13 19:18:10"
"996","3439","594","2020-09-13 19:19:04","2020-09-13 19:19:04"
"997","9408","689","2020-09-13 19:32:10","2020-09-13 19:32:10"
"998","3647","485","2020-09-13 20:28:51","2020-09-13 20:28:51"
"999","4056","717","2020-09-13 21:40:47","2020-09-13 21:40:47"
"1001","4747","717","2020-09-13 21:41:52","2020-09-13 21:41:52"
"1002","13043","717","2020-09-13 21:45:07","2020-09-13 21:45:07"
"1003","6714","790","2020-09-13 23:42:23","2020-09-13 23:42:23"
"1004","6706","790","2020-09-13 23:42:45","2020-09-13 23:42:45"
"1005","6552","790","2020-09-13 23:44:04","2020-09-13 23:44:04"
"1006","5632","790","2020-09-13 23:46:03","2020-09-13 23:46:03"
"1007","3633","790","2020-09-13 23:47:26","2020-09-13 23:47:26"
"1008","4021","790","2020-09-13 23:47:53","2020-09-13 23:47:53"
"1009","4388","790","2020-09-13 23:49:42","2020-09-13 23:49:42"
"1010","3710","790","2020-09-13 23:50:54","2020-09-13 23:50:54"
"1012","3719","790","2020-09-13 23:51:14","2020-09-13 23:51:14"
"1014","12984","496","2020-09-14 12:18:24","2020-09-14 12:18:24"
"1016","582","496","2020-09-14 14:25:40","2020-09-14 14:25:40"
"1019","6946","588","2020-09-14 19:16:08","2020-09-14 19:16:08"
"1020","13795","588","2020-09-14 19:55:47","2020-09-14 19:55:47"
"1021","7285","588","2020-09-14 19:57:24","2020-09-14 19:57:24"
"1022","7389","588","2020-09-14 19:58:51","2020-09-14 19:58:51"
"1023","4734","588","2020-09-14 20:27:51","2020-09-14 20:27:51"
"1025","4402","588","2020-09-14 20:29:14","2020-09-14 20:29:14"
"1027","4284","588","2020-09-14 20:32:01","2020-09-14 20:32:01"
"1029","9733","560","2020-09-15 13:01:10","2020-09-15 13:01:10"
"1030","9215","560","2020-09-15 13:09:19","2020-09-15 13:09:19"
"1031","13424","564","2020-09-15 13:26:46","2020-09-15 13:26:46"
"1032","13432","564","2020-09-15 13:26:47","2020-09-15 13:26:47"
"1033","13435","564","2020-09-15 13:27:06","2020-09-15 13:27:06"
"1034","13428","564","2020-09-15 13:27:22","2020-09-15 13:27:22"
"1035","13420","564","2020-09-15 13:27:25","2020-09-15 13:27:25"
"1036","4069","564","2020-09-15 13:28:30","2020-09-15 13:28:30"
"1037","4070","564","2020-09-15 13:34:33","2020-09-15 13:34:33"
"1038","9390","564","2020-09-15 13:40:49","2020-09-15 13:40:49"
"1039","12878","564","2020-09-15 13:41:02","2020-09-15 13:41:02"
"1040","4710","564","2020-09-15 13:41:45","2020-09-15 13:41:45"
"1041","10584","564","2020-09-15 13:41:46","2020-09-15 13:41:46"
"1042","8346","564","2020-09-15 13:45:36","2020-09-15 13:45:36"
"1043","13782","564","2020-09-15 13:48:00","2020-09-15 13:48:00"
"1044","13747","564","2020-09-15 13:48:45","2020-09-15 13:48:45"
"1045","13648","564","2020-09-15 13:50:01","2020-09-15 13:50:01"
"1046","13684","564","2020-09-15 13:58:43","2020-09-15 13:58:43"
"1047","13679","564","2020-09-15 13:59:52","2020-09-15 13:59:52"
"1048","13678","564","2020-09-15 13:59:59","2020-09-15 13:59:59"
"1051","13638","564","2020-09-15 14:01:21","2020-09-15 14:01:21"
"1052","13645","564","2020-09-15 14:01:28","2020-09-15 14:01:28"
"1053","13650","564","2020-09-15 14:01:36","2020-09-15 14:01:36"
"1054","10457","588","2020-09-15 17:35:32","2020-09-15 17:35:32"
"1055","13659","765","2020-09-16 11:47:35","2020-09-16 11:47:35"
"1056","4566","765","2020-09-16 11:47:57","2020-09-16 11:47:57"
"1057","6232","765","2020-09-16 11:51:48","2020-09-16 11:51:48"
"1058","13575","561","2020-09-16 13:57:42","2020-09-16 13:57:42"
"1059","10567","630","2020-09-16 17:02:23","2020-09-16 17:02:23"
"1060","5704","630","2020-09-16 17:53:44","2020-09-16 17:53:44"
"1061","3665","630","2020-09-16 17:54:49","2020-09-16 17:54:49"
"1064","3636","630","2020-09-16 17:55:47","2020-09-16 17:55:47"
"1065","3719","630","2020-09-16 17:56:19","2020-09-16 17:56:19"
"1066","3641","630","2020-09-16 17:56:54","2020-09-16 17:56:54"
"1067","3710","630","2020-09-16 17:57:45","2020-09-16 17:57:45"
"1068","14660","817","2020-09-16 18:27:41","2020-09-16 18:27:41"
"1069","6605","651","2020-09-16 22:51:14","2020-09-16 22:51:14"
"1070","5624","651","2020-09-16 22:53:03","2020-09-16 22:53:03"
"1071","12741","651","2020-09-16 23:09:54","2020-09-16 23:09:54"
"1072","13499","651","2020-09-16 23:11:20","2020-09-16 23:11:20"
"1073","8964","588","2020-09-17 07:53:15","2020-09-17 07:53:15"
"1075","13186","588","2020-09-17 07:54:36","2020-09-17 07:54:36"
"1076","12976","588","2020-09-17 07:55:30","2020-09-17 07:55:30"
"1077","12956","588","2020-09-17 07:55:34","2020-09-17 07:55:34"
"1078","12949","588","2020-09-17 07:55:37","2020-09-17 07:55:37"
"1079","12954","588","2020-09-17 07:55:47","2020-09-17 07:55:47"
"1080","12964","588","2020-09-17 07:55:51","2020-09-17 07:55:51"
"1081","12762","588","2020-09-17 07:56:35","2020-09-17 07:56:35"
"1082","12967","588","2020-09-17 08:00:22","2020-09-17 08:00:22"
"1083","3484","588","2020-09-17 08:08:36","2020-09-17 08:08:36"
"1084","3499","588","2020-09-17 08:08:47","2020-09-17 08:08:47"
"1086","9902","588","2020-09-17 08:10:22","2020-09-17 08:10:22"
"1087","7733","588","2020-09-17 08:11:11","2020-09-17 08:11:11"
"1089","6543","588","2020-09-17 08:11:48","2020-09-17 08:11:48"
"1090","3506","588","2020-09-17 08:12:57","2020-09-17 08:12:57"
"1092","9807","588","2020-09-17 08:14:01","2020-09-17 08:14:01"
"1093","9906","588","2020-09-17 08:18:12","2020-09-17 08:18:12"
"1094","9420","588","2020-09-17 08:19:59","2020-09-17 08:19:59"
"1095","7188","588","2020-09-17 08:21:31","2020-09-17 08:21:31"
"1096","7183","588","2020-09-17 08:22:27","2020-09-17 08:22:27"
"1097","9802","588","2020-09-17 08:26:14","2020-09-17 08:26:14"
"1098","6490","588","2020-09-17 08:28:11","2020-09-17 08:28:11"
"1099","8707","624","2020-09-17 09:05:53","2020-09-17 09:05:53"
"1100","6654","624","2020-09-17 10:37:25","2020-09-17 10:37:25"
"1101","6251","588","2020-09-17 16:12:34","2020-09-17 16:12:34"
"1102","321","496","2020-09-19 22:00:55","2020-09-19 22:00:55"
"1103","285","496","2020-09-19 22:01:29","2020-09-19 22:01:29"
"1104","286","496","2020-09-19 22:01:31","2020-09-19 22:01:31"
"1105","14837","496","2020-09-19 22:02:09","2020-09-19 22:02:09"
"1106","15022","496","2020-09-19 22:03:55","2020-09-19 22:03:55"
"1107","6292","496","2020-09-19 22:06:23","2020-09-19 22:06:23"
"1108","45","496","2020-09-19 23:07:27","2020-09-19 23:07:27"
"1109","8509","496","2020-09-20 16:17:33","2020-09-20 16:17:33"
"1110","7074","496","2020-09-20 16:18:08","2020-09-20 16:18:08"
"1112","14630","496","2020-09-20 16:26:57","2020-09-20 16:26:57"
"1114","14607","496","2020-09-20 16:27:34","2020-09-20 16:27:34"
"1115","14502","496","2020-09-20 16:28:01","2020-09-20 16:28:01"
"1116","14360","496","2020-09-20 16:29:39","2020-09-20 16:29:39"
"1118","207","496","2020-09-20 16:31:27","2020-09-20 16:31:27"
"1119","5125","496","2020-09-20 16:40:05","2020-09-20 16:40:05"
"1121","13801","717","2020-09-21 09:33:12","2020-09-21 09:33:12"
"1122","9067","496","2020-09-21 09:58:25","2020-09-21 09:58:25"
"1123","574","496","2020-09-21 10:06:58","2020-09-21 10:06:58"
"1124","576","496","2020-09-21 10:07:11","2020-09-21 10:07:11"
"1125","491","496","2020-09-21 10:07:48","2020-09-21 10:07:48"
"1126","13485","630","2020-09-21 13:21:57","2020-09-21 13:21:57"
"1127","4230","630","2020-09-21 17:09:08","2020-09-21 17:09:08"
"1128","4180","630","2020-09-21 17:09:32","2020-09-21 17:09:32"
"1129","4613","630","2020-09-21 17:10:51","2020-09-21 17:10:51"
"1130","236","496","2020-09-21 18:47:03","2020-09-21 18:47:03"
"1131","13394","622","2020-09-22 09:49:54","2020-09-22 09:49:54"
"1132","351","622","2020-09-22 09:51:28","2020-09-22 09:51:28"
"1136","380","622","2020-09-22 09:52:59","2020-09-22 09:52:59"
"1137","374","622","2020-09-22 09:53:10","2020-09-22 09:53:10"
"1139","3590","622","2020-09-22 11:06:32","2020-09-22 11:06:32"
"1141","3893","622","2020-09-22 11:09:35","2020-09-22 11:09:35"
"1142","3980","622","2020-09-22 11:10:18","2020-09-22 11:10:18"
"1144","8378","622","2020-09-22 11:12:54","2020-09-22 11:12:54"
"1145","8364","622","2020-09-22 11:13:08","2020-09-22 11:13:08"
"1146","6291","622","2020-09-22 11:16:11","2020-09-22 11:16:11"
"1147","13572","561","2020-09-22 11:29:05","2020-09-22 11:29:05"
"1149","3535","561","2020-09-22 11:32:49","2020-09-22 11:32:49"
"1150","7308","496","2020-09-22 12:15:27","2020-09-22 12:15:27"
"1152","7421","496","2020-09-22 12:51:49","2020-09-22 12:51:49"
"1153","7425","496","2020-09-22 12:51:54","2020-09-22 12:51:54"
"1154","7429","496","2020-09-22 12:52:03","2020-09-22 12:52:03"
"1155","396","496","2020-09-22 12:54:04","2020-09-22 12:54:04"
"1157","343","496","2020-09-22 12:57:14","2020-09-22 12:57:14"
"1158","15150","622","2020-09-22 14:48:32","2020-09-22 14:48:32"
"1159","6021","717","2020-09-23 13:06:39","2020-09-23 13:06:39"
"1160","13597","564","2020-09-23 13:17:02","2020-09-23 13:17:02"
"1161","4747","560","2020-09-23 14:06:53","2020-09-23 14:06:53"
"1162","13468","612","2020-09-23 17:02:25","2020-09-23 17:02:25"
"1163","6758","499","2020-09-23 21:01:17","2020-09-23 21:01:17"
"1164","12816","630","2020-09-23 21:22:46","2020-09-23 21:22:46"
"1165","13142","499","2020-09-23 21:31:05","2020-09-23 21:31:05"
"1166","5346","612","2020-09-25 10:23:55","2020-09-25 10:23:55"
"1167","6058","612","2020-09-25 10:29:26","2020-09-25 10:29:26"
"1168","10507","893","2020-09-25 23:58:49","2020-09-25 23:58:49"
"1169","4854","893","2020-09-26 00:00:08","2020-09-26 00:00:08"
"1172","5519","893","2020-09-26 00:06:13","2020-09-26 00:06:13"
"1175","5784","893","2020-09-26 00:07:01","2020-09-26 00:07:01"
"1177","5569","893","2020-09-26 00:08:08","2020-09-26 00:08:08"
"1178","5594","893","2020-09-26 00:08:42","2020-09-26 00:08:42"
"1179","14695","893","2020-09-26 00:15:39","2020-09-26 00:15:39"
"1180","422","893","2020-09-26 00:16:25","2020-09-26 00:16:25"
"1181","13452","893","2020-09-26 00:18:57","2020-09-26 00:18:57"
"1183","9368","893","2020-09-26 00:23:26","2020-09-26 00:23:26"
"1184","9460","893","2020-09-26 00:23:50","2020-09-26 00:23:50"
"1187","6729","893","2020-09-26 14:43:43","2020-09-26 14:43:43"
"1188","15146","893","2020-09-27 00:11:29","2020-09-27 00:11:29"
"1189","9939","893","2020-09-27 05:01:35","2020-09-27 05:01:35"
"1193","5718","893","2020-09-27 05:06:29","2020-09-27 05:06:29"
"1194","5681","893","2020-09-27 05:06:41","2020-09-27 05:06:41"
"1195","5714","893","2020-09-27 05:07:02","2020-09-27 05:07:02"
"1196","5512","893","2020-09-27 05:07:37","2020-09-27 05:07:37"
"1198","5570","893","2020-09-27 05:08:02","2020-09-27 05:08:02"
"1200","5726","893","2020-09-27 09:14:27","2020-09-27 09:14:27"
"1202","5778","893","2020-09-27 15:29:26","2020-09-27 15:29:26"
"1203","5786","893","2020-09-27 15:29:30","2020-09-27 15:29:30"
"1205","5122","893","2020-09-27 15:31:39","2020-09-27 15:31:39"
"1206","5126","893","2020-09-27 15:31:44","2020-09-27 15:31:44"
"1207","4938","893","2020-09-27 15:32:19","2020-09-27 15:32:19"
"1208","6453","893","2020-09-27 15:33:41","2020-09-27 15:33:41"
"1210","6449","893","2020-09-27 15:34:36","2020-09-27 15:34:36"
"1211","5739","893","2020-09-27 15:36:10","2020-09-27 15:36:10"
"1212","5715","893","2020-09-27 15:36:39","2020-09-27 15:36:39"
"1213","5633","893","2020-09-27 15:36:56","2020-09-27 15:36:56"
"1214","5563","893","2020-09-27 15:38:35","2020-09-27 15:38:35"
"1215","5425","893","2020-09-27 15:39:21","2020-09-27 15:39:21"
"1216","5480","893","2020-09-27 15:39:54","2020-09-27 15:39:54"
"1217","5109","893","2020-09-27 15:42:01","2020-09-27 15:42:01"
"1218","5114","893","2020-09-27 15:42:09","2020-09-27 15:42:09"
"1219","5110","893","2020-09-27 15:42:17","2020-09-27 15:42:17"
"1220","5125","893","2020-09-27 15:42:28","2020-09-27 15:42:28"
"1221","5183","893","2020-09-27 15:43:18","2020-09-27 15:43:18"
"1222","5030","893","2020-09-27 15:44:11","2020-09-27 15:44:11"
"1223","5035","893","2020-09-27 15:44:28","2020-09-27 15:44:28"
"1224","5038","893","2020-09-27 15:44:31","2020-09-27 15:44:31"
"1225","5054","893","2020-09-27 15:44:56","2020-09-27 15:44:56"
"1226","4958","893","2020-09-27 15:46:13","2020-09-27 15:46:13"
"1227","3697","564","2020-09-27 16:29:27","2020-09-27 16:29:27"
"1228","3724","564","2020-09-27 16:29:44","2020-09-27 16:29:44"
"1229","3661","564","2020-09-27 16:29:53","2020-09-27 16:29:53"
"1230","10657","564","2020-09-27 16:42:32","2020-09-27 16:42:32"
"1231","13222","961","2020-09-28 14:30:54","2020-09-28 14:30:54"
"1232","9068","961","2020-09-28 14:31:41","2020-09-28 14:31:41"
"1234","8751","961","2020-09-28 14:33:47","2020-09-28 14:33:47"
"1235","8292","961","2020-09-28 14:35:09","2020-09-28 14:35:09"
"1236","9887","961","2020-09-28 14:35:39","2020-09-28 14:35:39"
"1237","9891","961","2020-09-28 14:36:17","2020-09-28 14:36:17"
"1238","9889","961","2020-09-28 14:36:51","2020-09-28 14:36:51"
"1239","4014","961","2020-09-28 14:37:56","2020-09-28 14:37:56"
"1240","9022","961","2020-09-28 14:38:45","2020-09-28 14:38:45"
"1241","10426","961","2020-09-28 14:40:02","2020-09-28 14:40:02"
"1242","3581","961","2020-09-28 14:45:09","2020-09-28 14:45:09"
"1243","3599","961","2020-09-28 14:45:27","2020-09-28 14:45:27"
"1244","8237","961","2020-09-28 14:46:14","2020-09-28 14:46:14"
"1245","7658","961","2020-09-28 14:47:13","2020-09-28 14:47:13"
"1246","6844","961","2020-09-28 14:49:56","2020-09-28 14:49:56"
"1247","6870","961","2020-09-28 14:52:44","2020-09-28 14:52:44"
"1248","47","961","2020-09-28 14:53:29","2020-09-28 14:53:29"
"1249","15221","961","2020-09-28 14:54:00","2020-09-28 14:54:00"
"1250","15145","961","2020-09-28 14:55:13","2020-09-28 14:55:13"
"1251","7728","961","2020-09-28 14:57:51","2020-09-28 14:57:51"
"1252","7633","961","2020-09-28 14:58:33","2020-09-28 14:58:33"
"1253","12773","635","2020-09-28 18:22:51","2020-09-28 18:22:51"
"1254","13424","635","2020-09-28 18:23:22","2020-09-28 18:23:22"
"1255","3533","553","2020-09-28 20:41:07","2020-09-28 20:41:07"
"1256","13085","553","2020-09-28 20:41:40","2020-09-28 20:41:40"
"1257","3451","553","2020-09-28 20:42:02","2020-09-28 20:42:02"
"1258","6503","553","2020-09-28 20:43:02","2020-09-28 20:43:02"
"1259","15025","553","2020-09-28 20:43:35","2020-09-28 20:43:35"
"1260","9806","553","2020-09-28 20:43:58","2020-09-28 20:43:58"
"1261","3581","553","2020-09-28 20:45:13","2020-09-28 20:45:13"
"1262","6418","553","2020-09-28 20:45:27","2020-09-28 20:45:27"
"1263","5791","893","2020-09-28 23:09:17","2020-09-28 23:09:17"
"1264","6667","732","2020-09-29 10:52:13","2020-09-29 10:52:13"
"1265","3533","566","2020-09-29 11:11:53","2020-09-29 11:11:53"
"1266","5719","635","2020-09-29 12:27:32","2020-09-29 12:27:32"
"1267","5183","892","2020-09-29 20:37:35","2020-09-29 20:37:35"
"1268","4931","892","2020-09-29 20:39:06","2020-09-29 20:39:06"
"1269","13926","892","2020-09-29 20:41:39","2020-09-29 20:41:39"
"1270","7249","622","2020-09-29 22:07:20","2020-09-29 22:07:20"
"1271","14678","622","2020-09-29 22:30:44","2020-09-29 22:30:44"
"1272","14689","622","2020-09-29 22:31:09","2020-09-29 22:31:09"
"1274","14912","622","2020-09-29 22:33:46","2020-09-29 22:33:46"
"1275","14916","622","2020-09-29 22:34:50","2020-09-29 22:34:50"
"1276","14914","622","2020-09-29 22:37:07","2020-09-29 22:37:07"
"1277","15185","622","2020-09-29 22:39:59","2020-09-29 22:39:59"
"1278","15076","622","2020-09-29 22:40:39","2020-09-29 22:40:39"
"1279","15125","622","2020-09-29 22:41:12","2020-09-29 22:41:12"
"1280","6305","610","2020-09-30 20:42:25","2020-09-30 20:42:25"
"1281","3719","849","2020-10-01 10:19:35","2020-10-01 10:19:35"
"1282","14109","849","2020-10-01 10:19:42","2020-10-01 10:19:42"
"1283","14110","849","2020-10-01 10:19:43","2020-10-01 10:19:43"
"1284","3650","849","2020-10-01 10:20:04","2020-10-01 10:20:04"
"1285","9038","849","2020-10-01 10:21:02","2020-10-01 10:21:02"
"1286","3658","849","2020-10-01 10:21:10","2020-10-01 10:21:10"
"1287","3434","849","2020-10-01 10:24:50","2020-10-01 10:24:50"
"1288","3435","849","2020-10-01 10:25:08","2020-10-01 10:25:08"
"1289","3872","849","2020-10-01 10:27:04","2020-10-01 10:27:04"
"1290","13162","849","2020-10-01 10:27:43","2020-10-01 10:27:43"
"1291","13165","849","2020-10-01 10:27:47","2020-10-01 10:27:47"
"1292","13166","849","2020-10-01 10:28:00","2020-10-01 10:28:00"
"1302","14268","499","2020-10-01 13:57:04","2020-10-01 13:57:04"
"1303","9807","732","2020-10-01 14:23:59","2020-10-01 14:23:59"
"1304","68","496","2020-10-02 12:59:18","2020-10-02 12:59:18"
"1305","8066","496","2020-10-02 13:47:53","2020-10-02 13:47:53"
"1306","7249","496","2020-10-02 13:50:45","2020-10-02 13:50:45"
"1307","7020","496","2020-10-02 13:52:14","2020-10-02 13:52:14"
"1308","15258","893","2020-10-03 00:01:29","2020-10-03 00:01:29"
"1309","14952","893","2020-10-03 00:07:36","2020-10-03 00:07:36"
"1310","14954","893","2020-10-03 00:08:07","2020-10-03 00:08:07"
"1312","14697","893","2020-10-03 00:25:34","2020-10-03 00:25:34"
"1313","15014","893","2020-10-03 00:29:25","2020-10-03 00:29:25"
"1314","9949","893","2020-10-03 00:32:32","2020-10-03 00:32:32"
"1317","13481","561","2020-10-04 18:11:59","2020-10-04 18:11:59"
"1318","4056","561","2020-10-04 18:13:07","2020-10-04 18:13:07"
"1319","4044","561","2020-10-04 18:13:38","2020-10-04 18:13:38"
"1320","13468","827","2020-10-04 19:31:58","2020-10-04 19:31:58"
"1321","6294","827","2020-10-04 19:32:05","2020-10-04 19:32:05"
"1322","3566","827","2020-10-04 19:32:33","2020-10-04 19:32:33"
"1324","3484","827","2020-10-04 19:33:38","2020-10-04 19:33:38"
"1325","13653","827","2020-10-04 19:38:46","2020-10-04 19:38:46"
"1326","8403","827","2020-10-04 19:41:33","2020-10-04 19:41:33"
"1327","8172","827","2020-10-04 19:41:47","2020-10-04 19:41:47"
"1328","13171","635","2020-10-04 20:38:50","2020-10-04 20:38:50"
"1329","10508","635","2020-10-04 20:40:51","2020-10-04 20:40:51"
"1332","3722","635","2020-10-04 20:52:02","2020-10-04 20:52:02"
"1333","3586","1004","2020-10-04 20:53:31","2020-10-04 20:53:31"
"1334","3531","1004","2020-10-04 20:54:02","2020-10-04 20:54:02"
"1335","3641","1004","2020-10-04 20:54:54","2020-10-04 20:54:54"
"1336","3722","1004","2020-10-04 20:55:14","2020-10-04 20:55:14"
"1337","3661","1004","2020-10-04 20:56:40","2020-10-04 20:56:40"
"1338","3634","1004","2020-10-04 20:57:07","2020-10-04 20:57:07"
"1339","9939","1004","2020-10-04 20:58:18","2020-10-04 20:58:18"
"1340","6508","1004","2020-10-04 20:59:32","2020-10-04 20:59:32"
"1341","6487","1004","2020-10-04 21:00:10","2020-10-04 21:00:10"
"1342","6421","1004","2020-10-04 21:00:45","2020-10-04 21:00:45"
"1343","6419","1004","2020-10-04 21:00:56","2020-10-04 21:00:56"
"1344","5829","1004","2020-10-04 21:01:24","2020-10-04 21:01:24"
"1345","5776","1004","2020-10-04 21:01:54","2020-10-04 21:01:54"
"1346","5761","1004","2020-10-04 21:03:07","2020-10-04 21:03:07"
"1347","5759","1004","2020-10-04 21:03:27","2020-10-04 21:03:27"
"1348","5619","1004","2020-10-04 21:04:27","2020-10-04 21:04:27"
"1349","14295","1004","2020-10-04 21:07:36","2020-10-04 21:07:36"
"1350","14241","1004","2020-10-04 21:08:08","2020-10-04 21:08:08"
"1351","9943","1004","2020-10-04 21:11:04","2020-10-04 21:11:04"
"1352","9944","1004","2020-10-04 21:11:12","2020-10-04 21:11:12"
"1353","9945","1004","2020-10-04 21:11:15","2020-10-04 21:11:15"
"1354","9946","1004","2020-10-04 21:11:21","2020-10-04 21:11:21"
"1355","10150","1004","2020-10-04 21:11:57","2020-10-04 21:11:57"
"1356","10144","1004","2020-10-04 21:12:01","2020-10-04 21:12:01"
"1357","10220","1004","2020-10-04 21:12:25","2020-10-04 21:12:25"
"1358","10072","1004","2020-10-04 21:12:40","2020-10-04 21:12:40"
"1359","10035","1004","2020-10-04 21:14:37","2020-10-04 21:14:37"
"1360","9330","1004","2020-10-04 21:15:22","2020-10-04 21:15:22"
"1361","219","1004","2020-10-04 21:17:13","2020-10-04 21:17:13"
"1362","575","1004","2020-10-04 21:18:56","2020-10-04 21:18:56"
"1363","576","1004","2020-10-04 21:19:05","2020-10-04 21:19:05"
"1364","13058","496","2020-10-05 16:30:56","2020-10-05 16:30:56"
"1365","13006","496","2020-10-05 16:31:25","2020-10-05 16:31:25"
"1366","411","496","2020-10-05 16:47:25","2020-10-05 16:47:25"
"1368","13476","717","2020-10-06 13:55:00","2020-10-06 13:55:00"
"1369","9702","717","2020-10-06 13:58:44","2020-10-06 13:58:44"
"1370","6542","961","2020-10-06 14:17:04","2020-10-06 14:17:04"
"1371","6462","961","2020-10-06 14:21:42","2020-10-06 14:21:42"
"1372","62","961","2020-10-06 14:22:34","2020-10-06 14:22:34"
"1373","15217","893","2020-10-06 20:17:57","2020-10-06 20:17:57"
"1374","15249","893","2020-10-06 20:18:04","2020-10-06 20:18:04"
"1375","15023","893","2020-10-06 20:27:18","2020-10-06 20:27:18"
"1376","14675","893","2020-10-06 20:29:03","2020-10-06 20:29:03"
"1377","15218","893","2020-10-07 01:26:31","2020-10-07 01:26:31"
"1378","15210","893","2020-10-07 01:28:26","2020-10-07 01:28:26"
"1379","15038","893","2020-10-07 01:30:09","2020-10-07 01:30:09"
"1380","6741","893","2020-10-07 01:33:26","2020-10-07 01:33:26"
"1383","7187","717","2020-10-07 11:49:12","2020-10-07 11:49:12"
"1385","6657","717","2020-10-07 11:49:49","2020-10-07 11:49:49"
"1386","7199","717","2020-10-07 11:50:06","2020-10-07 11:50:06"
"1387","5630","561","2020-10-07 14:41:04","2020-10-07 14:41:04"
"1388","8396","496","2020-10-07 16:53:00","2020-10-07 16:53:00"
"1389","8395","496","2020-10-07 16:53:14","2020-10-07 16:53:14"
"1390","8989","496","2020-10-07 19:04:55","2020-10-07 19:04:55"
"1391","6349","496","2020-10-07 19:14:04","2020-10-07 19:14:04"
"1392","5149","496","2020-10-07 19:14:17","2020-10-07 19:14:17"
"1393","13413","496","2020-10-07 19:14:27","2020-10-07 19:14:27"
"1394","4833","561","2020-10-08 23:35:49","2020-10-08 23:35:49"
"1395","6113","662","2020-10-10 12:21:00","2020-10-10 12:21:00"
"1397","13026","662","2020-10-10 12:41:51","2020-10-10 12:41:51"
"1398","4922","491","2020-10-10 14:54:45","2020-10-10 14:54:45"
"1399","10322","491","2020-10-10 14:56:45","2020-10-10 14:56:45"
"1400","581","491","2020-10-10 22:01:53","2020-10-10 22:01:53"
"1401","98","491","2020-10-10 22:17:40","2020-10-10 22:17:40"
"1402","100","491","2020-10-10 22:17:44","2020-10-10 22:17:44"
"1403","223","491","2020-10-10 22:18:10","2020-10-10 22:18:10"
"1404","207","491","2020-10-10 22:18:15","2020-10-10 22:18:15"
"1405","45","491","2020-10-10 22:18:51","2020-10-10 22:18:51"
"1406","329","491","2020-10-10 22:20:23","2020-10-10 22:20:23"
"1407","365","491","2020-10-10 22:20:54","2020-10-10 22:20:54"
"1408","286","491","2020-10-10 22:21:19","2020-10-10 22:21:19"
"1410","617","491","2020-10-10 22:22:53","2020-10-10 22:22:53"
"1411","618","491","2020-10-10 22:23:13","2020-10-10 22:23:13"
"1412","15095","491","2020-10-10 22:27:10","2020-10-10 22:27:10"
"1413","14015","491","2020-10-10 22:34:40","2020-10-10 22:34:40"
"1414","14012","491","2020-10-10 22:34:53","2020-10-10 22:34:53"
"1415","13468","491","2020-10-10 22:41:25","2020-10-10 22:41:25"
"1416","3439","827","2020-10-11 16:39:05","2020-10-11 16:39:05"
"1417","13003","827","2020-10-11 16:40:17","2020-10-11 16:40:17"
"1418","4182","630","2020-10-11 21:43:05","2020-10-11 21:43:05"
"1419","4206","630","2020-10-11 21:43:38","2020-10-11 21:43:38"
"1420","13654","630","2020-10-11 21:46:26","2020-10-11 21:46:26"
"1421","13166","496","2020-10-12 10:45:24","2020-10-12 10:45:24"
"1422","13153","496","2020-10-12 10:45:39","2020-10-12 10:45:39"
"1423","7472","961","2020-10-13 15:11:44","2020-10-13 15:11:44"
"1424","3453","961","2020-10-13 15:12:22","2020-10-13 15:12:22"
"1425","14002","1046","2020-10-13 15:37:47","2020-10-13 15:37:47"
"1426","12870","1052","2020-10-13 17:55:53","2020-10-13 17:55:53"
"1428","9211","495","2020-10-13 20:17:03","2020-10-13 20:17:03"
"1429","9752","495","2020-10-13 20:17:27","2020-10-13 20:17:27"
"1431","4552","495","2020-10-13 20:25:34","2020-10-13 20:25:34"
"1432","13136","495","2020-10-13 20:30:29","2020-10-13 20:30:29"
"1433","13003","495","2020-10-13 20:31:15","2020-10-13 20:31:15"
"1435","9202","495","2020-10-13 20:35:42","2020-10-13 20:35:42"
"1436","4714","495","2020-10-13 20:39:44","2020-10-13 20:39:44"
"1437","3643","495","2020-10-13 20:41:09","2020-10-13 20:41:09"
"1438","12811","495","2020-10-13 20:43:37","2020-10-13 20:43:37"
"1439","13125","495","2020-10-13 20:46:07","2020-10-13 20:46:07"
"1440","4872","561","2020-10-15 17:12:26","2020-10-15 17:12:26"
"1441","6551","821","2020-10-16 11:54:44","2020-10-16 11:54:44"
"1442","3534","961","2020-10-18 13:52:17","2020-10-18 13:52:17"
"1445","8776","1063","2020-10-18 16:03:44","2020-10-18 16:03:44"
"1448","125","1063","2020-10-18 16:05:57","2020-10-18 16:05:57"
"1449","612","1063","2020-10-18 16:08:08","2020-10-18 16:08:08"
"1450","235","1063","2020-10-18 16:08:34","2020-10-18 16:08:34"
"1451","63","1063","2020-10-18 16:09:15","2020-10-18 16:09:15"
"1455","12967","1063","2020-10-18 16:31:59","2020-10-18 16:31:59"
"1456","12960","1063","2020-10-18 16:32:37","2020-10-18 16:32:37"
"1457","8779","1063","2020-10-18 16:41:58","2020-10-18 16:41:58"
"1458","5216","1063","2020-10-18 16:45:50","2020-10-18 16:45:50"
"1459","4959","1063","2020-10-18 16:47:21","2020-10-18 16:47:21"
"1460","10517","1063","2020-10-18 16:49:07","2020-10-18 16:49:07"
"1461","13240","1063","2020-10-18 16:49:55","2020-10-18 16:49:55"
"1462","5208","1063","2020-10-18 16:50:47","2020-10-18 16:50:47"
"1463","7924","1063","2020-10-18 16:51:11","2020-10-18 16:51:11"
"1464","7929","1063","2020-10-18 16:51:19","2020-10-18 16:51:19"
"1465","8115","1063","2020-10-18 16:52:51","2020-10-18 16:52:51"
"1466","7977","1063","2020-10-18 17:02:08","2020-10-18 17:02:08"
"1467","10564","1063","2020-10-18 17:03:25","2020-10-18 17:03:25"
"1468","10476","1063","2020-10-18 17:04:35","2020-10-18 17:04:35"
"1469","10516","1063","2020-10-18 17:04:54","2020-10-18 17:04:54"
"1470","10509","1063","2020-10-18 17:05:10","2020-10-18 17:05:10"
"1471","10548","1063","2020-10-18 17:06:44","2020-10-18 17:06:44"
"1473","3444","1063","2020-10-18 22:32:33","2020-10-18 22:32:33"
"1474","3665","1063","2020-10-18 22:34:31","2020-10-18 22:34:31"
"1475","3657","1063","2020-10-18 22:34:50","2020-10-18 22:34:50"
"1476","3633","1063","2020-10-18 22:35:18","2020-10-18 22:35:18"
"1477","12872","1063","2020-10-18 22:37:46","2020-10-18 22:37:46"
"1478","9032","1063","2020-10-18 22:40:20","2020-10-18 22:40:20"
"1481","5966","1063","2020-10-18 22:42:12","2020-10-18 22:42:12"
"1482","6057","1063","2020-10-18 22:43:33","2020-10-18 22:43:33"
"1483","6058","1063","2020-10-18 22:43:45","2020-10-18 22:43:45"
"1485","5995","1063","2020-10-18 22:48:24","2020-10-18 22:48:24"
"1486","6576","1063","2020-10-18 22:50:02","2020-10-18 22:50:02"
"1487","6652","1063","2020-10-18 22:51:17","2020-10-18 22:51:17"
"1488","4840","1063","2020-10-18 22:55:06","2020-10-18 22:55:06"
"1490","12860","506","2020-10-18 23:21:22","2020-10-18 23:21:22"
"1491","12753","506","2020-10-18 23:21:45","2020-10-18 23:21:45"
"1492","8988","612","2020-10-21 15:57:58","2020-10-21 15:57:58"
"1493","9074","612","2020-10-21 15:58:14","2020-10-21 15:58:14"
"1494","10212","817","2020-10-22 16:46:34","2020-10-22 16:46:34"
"1495","6118","622","2020-10-22 23:36:59","2020-10-22 23:36:59"
"1496","15480","622","2020-10-22 23:39:15","2020-10-22 23:39:15"
"1497","15463","622","2020-10-22 23:39:19","2020-10-22 23:39:19"
"1498","14520","622","2020-10-22 23:54:29","2020-10-22 23:54:29"
"1499","9065","622","2020-10-23 00:19:56","2020-10-23 00:19:56"
"1500","8777","622","2020-10-23 00:26:21","2020-10-23 00:26:21"
"1501","5824","827","2020-10-23 21:01:48","2020-10-23 21:01:48"
"1502","5825","827","2020-10-23 21:01:51","2020-10-23 21:01:51"
"1503","13705","495","2020-10-24 16:15:03","2020-10-24 16:15:03"
"1504","13464","495","2020-10-24 16:18:25","2020-10-24 16:18:25"
"1505","10548","495","2020-10-24 16:25:31","2020-10-24 16:25:31"
"1506","13462","495","2020-10-24 16:28:18","2020-10-24 16:28:18"
"1507","9068","496","2020-10-25 13:34:57","2020-10-25 13:34:57"
"1510","7577","496","2020-10-25 13:36:00","2020-10-25 13:36:00"
"1511","154","496","2020-10-25 13:46:43","2020-10-25 13:46:43"
"1512","107","496","2020-10-25 13:48:03","2020-10-25 13:48:03"
"1513","98","496","2020-10-25 13:48:08","2020-10-25 13:48:08"
"1514","374","496","2020-10-25 13:49:01","2020-10-25 13:49:01"
"1515","400","496","2020-10-25 14:31:02","2020-10-25 14:31:02"
"1516","12930","495","2020-10-25 14:36:20","2020-10-25 14:36:20"
"1518","13539","495","2020-10-25 14:42:31","2020-10-25 14:42:31"
"1520","8194","495","2020-10-25 14:47:51","2020-10-25 14:47:51"
"1521","9269","548","2020-10-26 23:32:28","2020-10-26 23:32:28"
"1522","3487","827","2020-10-27 21:22:34","2020-10-27 21:22:34"
"1523","8121","872","2020-10-28 15:28:20","2020-10-28 15:28:20"
"1524","6869","872","2020-10-28 15:28:36","2020-10-28 15:28:36"
"1525","6793","872","2020-10-28 15:28:39","2020-10-28 15:28:39"
"1526","6788","872","2020-10-28 15:28:44","2020-10-28 15:28:44"
"1527","13100","872","2020-10-28 15:29:33","2020-10-28 15:29:33"
"1528","6790","872","2020-10-28 15:33:35","2020-10-28 15:33:35"
"1529","6870","872","2020-10-28 15:34:45","2020-10-28 15:34:45"
"1530","6872","961","2020-10-29 15:42:48","2020-10-29 15:42:48"
"1531","13489","1125","2020-11-02 10:40:26","2020-11-02 10:40:26"
"1532","15461","561","2020-11-02 11:44:24","2020-11-02 11:44:24"
"1533","10548","670","2020-11-02 16:25:28","2020-11-02 16:25:28"
"1534","14004","670","2020-11-02 16:25:38","2020-11-02 16:25:38"
"1535","14006","670","2020-11-02 16:25:41","2020-11-02 16:25:41"
"1536","14010","670","2020-11-02 16:25:46","2020-11-02 16:25:46"
"1537","14018","670","2020-11-02 16:25:56","2020-11-02 16:25:56"
"1538","14014","670","2020-11-02 16:26:14","2020-11-02 16:26:14"
"1539","5002","495","2020-11-03 14:38:31","2020-11-03 14:38:31"
"1540","7358","817","2020-11-03 20:26:17","2020-11-03 20:26:17"
"1541","6890","817","2020-11-03 20:29:59","2020-11-03 20:29:59"
"1542","6892","817","2020-11-03 20:30:23","2020-11-03 20:30:23"
"1543","6848","817","2020-11-03 20:32:59","2020-11-03 20:32:59"
"1544","6847","817","2020-11-03 20:33:29","2020-11-03 20:33:29"
"1545","10358","817","2020-11-03 20:35:51","2020-11-03 20:35:51"
"1547","6266","817","2020-11-03 20:37:52","2020-11-03 20:37:52"
"1548","6219","817","2020-11-03 20:38:47","2020-11-03 20:38:47"
"1550","496","817","2020-11-03 20:40:46","2020-11-03 20:40:46"
"1551","15005","817","2020-11-03 22:14:31","2020-11-03 22:14:31"
"1552","5277","1136","2020-11-05 15:30:15","2020-11-05 15:30:15"
"1553","9937","1125","2020-11-05 19:48:47","2020-11-05 19:48:47"
"1554","9939","1125","2020-11-05 19:48:52","2020-11-05 19:48:52"
"1555","9948","1125","2020-11-05 19:49:05","2020-11-05 19:49:05"
"1556","10030","1125","2020-11-05 19:49:46","2020-11-05 19:49:46"
"1558","10096","1125","2020-11-05 19:50:11","2020-11-05 19:50:11"
"1559","10258","1125","2020-11-05 19:50:29","2020-11-05 19:50:29"
"1560","10247","1125","2020-11-05 19:50:42","2020-11-05 19:50:42"
"1561","7383","961","2020-11-06 20:17:13","2020-11-06 20:17:13"
"1562","3656","849","2020-11-07 11:45:24","2020-11-07 11:45:24"
"1563","8973","651","2020-11-08 23:18:09","2020-11-08 23:18:09"
"1564","4120","651","2020-11-08 23:21:08","2020-11-08 23:21:08"
"1565","6058","651","2020-11-08 23:23:38","2020-11-08 23:23:38"
"1566","6727","651","2020-11-08 23:40:25","2020-11-08 23:40:25"
"1567","5353","893","2020-11-09 04:34:53","2020-11-09 04:34:53"
"1568","4853","635","2020-11-09 12:03:10","2020-11-09 12:03:10"
"1569","5566","635","2020-11-09 12:03:23","2020-11-09 12:03:23"
"1570","13428","635","2020-11-09 12:03:43","2020-11-09 12:03:43"
"1571","3546","635","2020-11-09 12:03:59","2020-11-09 12:03:59"
"1572","3975","635","2020-11-09 12:04:17","2020-11-09 12:04:17"
"1573","3451","635","2020-11-09 12:04:30","2020-11-09 12:04:30"
"1574","3873","488","2020-11-09 15:15:55","2020-11-09 15:15:55"
"1576","4127","488","2020-11-09 19:21:34","2020-11-09 19:21:34"
"1577","3996","488","2020-11-09 19:28:07","2020-11-09 19:28:07"
"1578","14022","670","2020-11-10 08:00:13","2020-11-10 08:00:13"
"1579","6893","817","2020-11-11 10:12:55","2020-11-11 10:12:55"
"1580","6863","817","2020-11-11 10:15:32","2020-11-11 10:15:32"
"1581","6168","817","2020-11-11 10:25:20","2020-11-11 10:25:20"
"1582","83","1125","2020-11-12 11:09:53","2020-11-12 11:09:53"
"1583","10095","1125","2020-11-12 11:15:04","2020-11-12 11:15:04"
"1584","7346","651","2020-11-12 20:31:47","2020-11-12 20:31:47"
"1585","7379","651","2020-11-12 20:32:01","2020-11-12 20:32:01"
"1586","7274","651","2020-11-12 20:33:00","2020-11-12 20:33:00"
"1587","7294","651","2020-11-12 20:33:38","2020-11-12 20:33:38"
"1588","7081","651","2020-11-12 20:34:54","2020-11-12 20:34:54"
"1590","7010","651","2020-11-12 20:36:09","2020-11-12 20:36:09"
"1592","6882","651","2020-11-12 20:36:58","2020-11-12 20:36:58"
"1593","6889","651","2020-11-12 20:37:18","2020-11-12 20:37:18"
"1594","6900","651","2020-11-12 20:37:33","2020-11-12 20:37:33"
"1595","6868","651","2020-11-12 20:39:10","2020-11-12 20:39:10"
"1597","6779","651","2020-11-12 20:39:31","2020-11-12 20:39:31"
"1598","7355","651","2020-11-12 20:40:14","2020-11-12 20:40:14"
"1599","7261","651","2020-11-12 20:40:46","2020-11-12 20:40:46"
"1600","7318","651","2020-11-12 20:40:55","2020-11-12 20:40:55"
"1601","284","651","2020-11-12 20:42:59","2020-11-12 20:42:59"
"1602","282","651","2020-11-12 20:43:54","2020-11-12 20:43:54"
"1603","6896","651","2020-11-12 20:44:30","2020-11-12 20:44:30"
"1604","14558","651","2020-11-12 20:45:33","2020-11-12 20:45:33"
"1605","14550","651","2020-11-12 20:45:37","2020-11-12 20:45:37"
"1606","507","651","2020-11-12 20:48:50","2020-11-12 20:48:50"
"1607","6848","651","2020-11-12 20:53:34","2020-11-12 20:53:34"
"1608","6849","651","2020-11-12 20:53:37","2020-11-12 20:53:37"
"1609","6888","651","2020-11-12 20:55:05","2020-11-12 20:55:05"
"1610","6813","651","2020-11-12 20:55:30","2020-11-12 20:55:30"
"1611","6766","651","2020-11-12 20:57:22","2020-11-12 20:57:22"
"1612","13293","651","2020-11-12 20:58:32","2020-11-12 20:58:32"
"1613","4454","651","2020-11-12 20:59:27","2020-11-12 20:59:27"
"1614","4457","651","2020-11-12 21:00:09","2020-11-12 21:00:09"
"1615","4363","651","2020-11-12 21:01:05","2020-11-12 21:01:05"
"1616","4317","651","2020-11-12 21:01:28","2020-11-12 21:01:28"
"1617","4309","651","2020-11-12 21:01:37","2020-11-12 21:01:37"
"1618","4312","651","2020-11-12 21:02:43","2020-11-12 21:02:43"
"1619","4119","651","2020-11-12 21:04:30","2020-11-12 21:04:30"
"1620","4121","651","2020-11-12 21:06:02","2020-11-12 21:06:02"
"1621","238","651","2020-11-12 21:09:22","2020-11-12 21:09:22"
"1622","14997","651","2020-11-12 21:11:14","2020-11-12 21:11:14"
"1623","14954","651","2020-11-12 21:11:50","2020-11-12 21:11:50"
"1624","15169","651","2020-11-12 21:13:49","2020-11-12 21:13:49"
"1627","15197","651","2020-11-12 21:15:35","2020-11-12 21:15:35"
"1628","15022","651","2020-11-12 21:16:46","2020-11-12 21:16:46"
"1629","15021","651","2020-11-12 21:16:54","2020-11-12 21:16:54"
"1630","4465","651","2020-11-12 21:17:40","2020-11-12 21:17:40"
"1631","9034","651","2020-11-12 21:22:18","2020-11-12 21:22:18"
"1632","9061","651","2020-11-12 21:23:17","2020-11-12 21:23:17"
"1633","13428","1125","2020-11-13 09:59:26","2020-11-13 09:59:26"
"1634","15346","1125","2020-11-13 10:01:50","2020-11-13 10:01:50"
"1635","370","1125","2020-11-13 10:04:58","2020-11-13 10:04:58"
"1636","78","1125","2020-11-13 10:05:51","2020-11-13 10:05:51"
"1637","56","1125","2020-11-13 10:05:59","2020-11-13 10:05:59"
"1638","10041","1125","2020-11-13 10:40:46","2020-11-13 10:40:46"
"1639","13308","817","2020-11-16 14:56:35","2020-11-16 14:56:35"
"1640","7486","817","2020-11-16 15:03:54","2020-11-16 15:03:54"
"1641","6459","817","2020-11-16 15:06:07","2020-11-16 15:06:07"
"1642","6522","817","2020-11-16 15:06:12","2020-11-16 15:06:12"
"1643","6423","817","2020-11-16 15:07:35","2020-11-16 15:07:35"
"1644","5496","817","2020-11-16 15:11:23","2020-11-16 15:11:23"
"1645","5435","817","2020-11-16 15:14:28","2020-11-16 15:14:28"
"1646","5204","817","2020-11-16 15:17:17","2020-11-16 15:17:17"
"1647","5229","817","2020-11-16 15:18:48","2020-11-16 15:18:48"
"1648","5149","817","2020-11-16 15:22:20","2020-11-16 15:22:20"
"1649","4908","817","2020-11-16 15:23:58","2020-11-16 15:23:58"
"1650","4931","817","2020-11-16 15:24:18","2020-11-16 15:24:18"
"1651","4930","817","2020-11-16 15:24:19","2020-11-16 15:24:19"
"1652","4953","817","2020-11-16 15:24:34","2020-11-16 15:24:34"
"1653","3873","817","2020-11-16 15:48:53","2020-11-16 15:48:53"
"1654","3651","817","2020-11-16 15:51:33","2020-11-16 15:51:33"
"1656","4015","488","2020-11-17 10:07:15","2020-11-17 10:07:15"
"1658","3635","488","2020-11-17 10:07:33","2020-11-17 10:07:33"
"1659","4183","488","2020-11-17 10:07:41","2020-11-17 10:07:41"
"1660","10587","488","2020-11-17 10:07:48","2020-11-17 10:07:48"
"1661","3635","537","2020-12-19 18:36:41","2020-12-19 18:36:41"
